center,left,right,steering,throttle,brake,speed
IMG/center_2026_01_05_19_43_49_251.jpg,IMG/left_2026_01_05_19_43_49_251.jpg,IMG/right_2026_01_05_19_43_49_251.jpg,0.0,0.0,0.0,7.78462e-05
IMG/center_2026_01_05_19_43_49_354.jpg,IMG/left_2026_01_05_19_43_49_354.jpg,IMG/right_2026_01_05_19_43_49_354.jpg,0.0,0.0,0.0,7.850255e-05
IMG/center_2026_01_05_19_43_49_458.jpg,IMG/left_2026_01_05_19_43_49_458.jpg,IMG/right_2026_01_05_19_43_49_458.jpg,0.0,0.0,0.0,7.824969e-05
IMG/center_2026_01_05_19_43_49_563.jpg,IMG/left_2026_01_05_19_43_49_563.jpg,IMG/right_2026_01_05_19_43_49_563.jpg,0.0,0.0,0.0,8.224617e-05
IMG/center_2026_01_05_19_43_49_665.jpg,IMG/left_2026_01_05_19_43_49_665.jpg,IMG/right_2026_01_05_19_43_49_665.jpg,0.0,0.0,0.0,8.273995e-05
IMG/center_2026_01_05_19_43_49_765.jpg,IMG/left_2026_01_05_19_43_49_765.jpg,IMG/right_2026_01_05_19_43_49_765.jpg,0.0,0.0,0.0,7.837464e-05
IMG/center_2026_01_05_19_43_49_865.jpg,IMG/left_2026_01_05_19_43_49_865.jpg,IMG/right_2026_01_05_19_43_49_865.jpg,0.0,0.0,0.0,7.816831e-05
IMG/center_2026_01_05_19_43_49_972.jpg,IMG/left_2026_01_05_19_43_49_972.jpg,IMG/right_2026_01_05_19_43_49_972.jpg,0.0,0.0,0.0,7.790991e-05
IMG/center_2026_01_05_19_43_50_076.jpg,IMG/left_2026_01_05_19_43_50_076.jpg,IMG/right_2026_01_05_19_43_50_076.jpg,0.0,0.0,0.0,7.895595e-05
IMG/center_2026_01_05_19_43_50_179.jpg,IMG/left_2026_01_05_19_43_50_179.jpg,IMG/right_2026_01_05_19_43_50_179.jpg,0.0,0.0,0.0,7.796909e-05
IMG/center_2026_01_05_19_43_50_280.jpg,IMG/left_2026_01_05_19_43_50_280.jpg,IMG/right_2026_01_05_19_43_50_280.jpg,0.0,0.0,0.0,7.838797e-05
IMG/center_2026_01_05_19_43_50_386.jpg,IMG/left_2026_01_05_19_43_50_386.jpg,IMG/right_2026_01_05_19_43_50_386.jpg,0.0,0.0,0.0,7.81741e-05
IMG/center_2026_01_05_19_43_50_488.jpg,IMG/left_2026_01_05_19_43_50_488.jpg,IMG/right_2026_01_05_19_43_50_488.jpg,0.0,0.0,0.0,7.837004e-05
IMG/center_2026_01_05_19_43_50_592.jpg,IMG/left_2026_01_05_19_43_50_592.jpg,IMG/right_2026_01_05_19_43_50_592.jpg,0.0,0.0,0.0,7.83373e-05
IMG/center_2026_01_05_19_43_50_700.jpg,IMG/left_2026_01_05_19_43_50_700.jpg,IMG/right_2026_01_05_19_43_50_700.jpg,0.0,0.0,0.0,7.7963e-05
IMG/center_2026_01_05_19_43_50_801.jpg,IMG/left_2026_01_05_19_43_50_801.jpg,IMG/right_2026_01_05_19_43_50_801.jpg,0.0,0.0,0.0,7.799762e-05
IMG/center_2026_01_05_19_43_50_904.jpg,IMG/left_2026_01_05_19_43_50_904.jpg,IMG/right_2026_01_05_19_43_50_904.jpg,0.0,0.0,0.0,7.809667e-05
IMG/center_2026_01_05_19_43_51_008.jpg,IMG/left_2026_01_05_19_43_51_008.jpg,IMG/right_2026_01_05_19_43_51_008.jpg,0.0,0.0,0.0,7.969719e-05
IMG/center_2026_01_05_19_43_51_115.jpg,IMG/left_2026_01_05_19_43_51_115.jpg,IMG/right_2026_01_05_19_43_51_115.jpg,0.0,0.0,0.0,7.836665e-05
IMG/center_2026_01_05_19_43_51_221.jpg,IMG/left_2026_01_05_19_43_51_221.jpg,IMG/right_2026_01_05_19_43_51_221.jpg,0.0,0.0,0.0,7.849811e-05
IMG/center_2026_01_05_19_43_51_328.jpg,IMG/left_2026_01_05_19_43_51_328.jpg,IMG/right_2026_01_05_19_43_51_328.jpg,0.0,0.0,0.0,7.822707e-05
IMG/center_2026_01_05_19_43_51_433.jpg,IMG/left_2026_01_05_19_43_51_433.jpg,IMG/right_2026_01_05_19_43_51_433.jpg,0.0,0.0,0.0,7.862136e-05
IMG/center_2026_01_05_19_43_51_538.jpg,IMG/left_2026_01_05_19_43_51_538.jpg,IMG/right_2026_01_05_19_43_51_538.jpg,0.0,0.0,0.0,7.846863e-05
IMG/center_2026_01_05_19_43_51_640.jpg,IMG/left_2026_01_05_19_43_51_640.jpg,IMG/right_2026_01_05_19_43_51_640.jpg,0.0,0.0,0.0,7.807426e-05
IMG/center_2026_01_05_19_43_51_744.jpg,IMG/left_2026_01_05_19_43_51_744.jpg,IMG/right_2026_01_05_19_43_51_744.jpg,0.0,0.0,0.0,7.817695e-05
IMG/center_2026_01_05_19_43_51_847.jpg,IMG/left_2026_01_05_19_43_51_847.jpg,IMG/right_2026_01_05_19_43_51_847.jpg,0.0,0.0,0.0,7.806673e-05
IMG/center_2026_01_05_19_43_51_952.jpg,IMG/left_2026_01_05_19_43_51_952.jpg,IMG/right_2026_01_05_19_43_51_952.jpg,0.0,0.0,0.0,7.806657e-05
IMG/center_2026_01_05_19_43_52_056.jpg,IMG/left_2026_01_05_19_43_52_056.jpg,IMG/right_2026_01_05_19_43_52_056.jpg,0.0,0.0,0.0,8.025891e-05
IMG/center_2026_01_05_19_43_52_159.jpg,IMG/left_2026_01_05_19_43_52_159.jpg,IMG/right_2026_01_05_19_43_52_159.jpg,0.0,0.0,0.0,7.790132e-05
IMG/center_2026_01_05_19_43_52_260.jpg,IMG/left_2026_01_05_19_43_52_260.jpg,IMG/right_2026_01_05_19_43_52_260.jpg,0.0,0.0,0.0,7.814969e-05
IMG/center_2026_01_05_19_43_52_365.jpg,IMG/left_2026_01_05_19_43_52_365.jpg,IMG/right_2026_01_05_19_43_52_365.jpg,0.0,0.0,0.0,7.982867e-05
IMG/center_2026_01_05_19_43_52_466.jpg,IMG/left_2026_01_05_19_43_52_466.jpg,IMG/right_2026_01_05_19_43_52_466.jpg,0.0,0.0,0.0,7.922229e-05
IMG/center_2026_01_05_19_43_52_569.jpg,IMG/left_2026_01_05_19_43_52_569.jpg,IMG/right_2026_01_05_19_43_52_569.jpg,0.0,0.0,0.0,7.784595e-05
IMG/center_2026_01_05_19_43_52_670.jpg,IMG/left_2026_01_05_19_43_52_670.jpg,IMG/right_2026_01_05_19_43_52_670.jpg,0.0,0.0,0.0,7.835039e-05
IMG/center_2026_01_05_19_43_52_772.jpg,IMG/left_2026_01_05_19_43_52_772.jpg,IMG/right_2026_01_05_19_43_52_772.jpg,0.0,0.0,0.0,7.830347e-05
IMG/center_2026_01_05_19_43_52_879.jpg,IMG/left_2026_01_05_19_43_52_879.jpg,IMG/right_2026_01_05_19_43_52_879.jpg,0.0,0.0,0.0,7.913363e-05
IMG/center_2026_01_05_19_43_52_986.jpg,IMG/left_2026_01_05_19_43_52_986.jpg,IMG/right_2026_01_05_19_43_52_986.jpg,0.0,0.0,0.0,7.781892e-05
IMG/center_2026_01_05_19_43_53_087.jpg,IMG/left_2026_01_05_19_43_53_087.jpg,IMG/right_2026_01_05_19_43_53_087.jpg,0.0,0.0,0.0,8.500099e-05
IMG/center_2026_01_05_19_43_53_192.jpg,IMG/left_2026_01_05_19_43_53_192.jpg,IMG/right_2026_01_05_19_43_53_192.jpg,0.0,0.0,0.0,7.909842e-05
IMG/center_2026_01_05_19_43_53_294.jpg,IMG/left_2026_01_05_19_43_53_294.jpg,IMG/right_2026_01_05_19_43_53_294.jpg,0.0,0.0,0.0,7.871335e-05
IMG/center_2026_01_05_19_43_53_394.jpg,IMG/left_2026_01_05_19_43_53_394.jpg,IMG/right_2026_01_05_19_43_53_394.jpg,0.0,0.0,0.0,7.845505e-05
IMG/center_2026_01_05_19_43_53_500.jpg,IMG/left_2026_01_05_19_43_53_500.jpg,IMG/right_2026_01_05_19_43_53_500.jpg,0.0,0.0,0.0,7.958431e-05
IMG/center_2026_01_05_19_43_53_600.jpg,IMG/left_2026_01_05_19_43_53_600.jpg,IMG/right_2026_01_05_19_43_53_600.jpg,0.0,0.0,0.0,7.868304e-05
IMG/center_2026_01_05_19_43_53_701.jpg,IMG/left_2026_01_05_19_43_53_701.jpg,IMG/right_2026_01_05_19_43_53_701.jpg,0.0,0.0,0.0,8.191312e-05
IMG/center_2026_01_05_19_43_53_809.jpg,IMG/left_2026_01_05_19_43_53_809.jpg,IMG/right_2026_01_05_19_43_53_809.jpg,0.0,0.0,0.0,7.870919e-05
IMG/center_2026_01_05_19_43_53_914.jpg,IMG/left_2026_01_05_19_43_53_914.jpg,IMG/right_2026_01_05_19_43_53_914.jpg,0.0,0.0,0.0,7.80002e-05
IMG/center_2026_01_05_19_43_54_020.jpg,IMG/left_2026_01_05_19_43_54_020.jpg,IMG/right_2026_01_05_19_43_54_020.jpg,0.0,0.2188641,0.0,0.1125994
IMG/center_2026_01_05_19_43_54_132.jpg,IMG/left_2026_01_05_19_43_54_132.jpg,IMG/right_2026_01_05_19_43_54_132.jpg,0.0,0.339972,0.0,0.6710755
IMG/center_2026_01_05_19_43_54_230.jpg,IMG/left_2026_01_05_19_43_54_230.jpg,IMG/right_2026_01_05_19_43_54_230.jpg,0.0,0.0576378,0.0,0.8606779
IMG/center_2026_01_05_19_43_54_334.jpg,IMG/left_2026_01_05_19_43_54_334.jpg,IMG/right_2026_01_05_19_43_54_334.jpg,0.0,0.0994644,0.0,0.9076434
IMG/center_2026_01_05_19_43_54_440.jpg,IMG/left_2026_01_05_19_43_54_440.jpg,IMG/right_2026_01_05_19_43_54_440.jpg,0.0,0.3945651,0.0,1.19501
IMG/center_2026_01_05_19_43_54_539.jpg,IMG/left_2026_01_05_19_43_54_539.jpg,IMG/right_2026_01_05_19_43_54_539.jpg,0.0,0.180786,0.0,1.56695
IMG/center_2026_01_05_19_43_54_644.jpg,IMG/left_2026_01_05_19_43_54_644.jpg,IMG/right_2026_01_05_19_43_54_644.jpg,0.0,0.0,0.0,1.584759
IMG/center_2026_01_05_19_43_54_748.jpg,IMG/left_2026_01_05_19_43_54_748.jpg,IMG/right_2026_01_05_19_43_54_748.jpg,0.0,0.1773996,0.0,1.666757
IMG/center_2026_01_05_19_43_54_851.jpg,IMG/left_2026_01_05_19_43_54_851.jpg,IMG/right_2026_01_05_19_43_54_851.jpg,0.0,0.4689486,0.0,2.036942
IMG/center_2026_01_05_19_43_54_956.jpg,IMG/left_2026_01_05_19_43_54_956.jpg,IMG/right_2026_01_05_19_43_54_956.jpg,0.0,0.7849602,0.0,2.839462
IMG/center_2026_01_05_19_43_55_060.jpg,IMG/left_2026_01_05_19_43_55_060.jpg,IMG/right_2026_01_05_19_43_55_060.jpg,0.0,1.0,0.0,3.942366
IMG/center_2026_01_05_19_43_55_163.jpg,IMG/left_2026_01_05_19_43_55_163.jpg,IMG/right_2026_01_05_19_43_55_163.jpg,0.0,1.0,0.0,5.34052
IMG/center_2026_01_05_19_43_55_264.jpg,IMG/left_2026_01_05_19_43_55_264.jpg,IMG/right_2026_01_05_19_43_55_264.jpg,0.0,0.7600358,0.0,6.361639
IMG/center_2026_01_05_19_43_55_366.jpg,IMG/left_2026_01_05_19_43_55_366.jpg,IMG/right_2026_01_05_19_43_55_366.jpg,0.0,0.456878,0.0,6.998043
IMG/center_2026_01_05_19_43_55_466.jpg,IMG/left_2026_01_05_19_43_55_466.jpg,IMG/right_2026_01_05_19_43_55_466.jpg,0.0,0.1567166,0.0,7.282052
IMG/center_2026_01_05_19_43_55_567.jpg,IMG/left_2026_01_05_19_43_55_567.jpg,IMG/right_2026_01_05_19_43_55_567.jpg,0.0,0.0,0.0,7.249499
IMG/center_2026_01_05_19_43_55_669.jpg,IMG/left_2026_01_05_19_43_55_669.jpg,IMG/right_2026_01_05_19_43_55_669.jpg,0.0,0.0,0.0,7.176752
IMG/center_2026_01_05_19_43_55_771.jpg,IMG/left_2026_01_05_19_43_55_771.jpg,IMG/right_2026_01_05_19_43_55_771.jpg,0.0,0.0,0.0,7.104733
IMG/center_2026_01_05_19_43_55_874.jpg,IMG/left_2026_01_05_19_43_55_874.jpg,IMG/right_2026_01_05_19_43_55_874.jpg,0.0,0.0,0.0,7.033433
IMG/center_2026_01_05_19_43_55_977.jpg,IMG/left_2026_01_05_19_43_55_977.jpg,IMG/right_2026_01_05_19_43_55_977.jpg,0.0,0.0,0.0,6.962851
IMG/center_2026_01_05_19_43_56_077.jpg,IMG/left_2026_01_05_19_43_56_077.jpg,IMG/right_2026_01_05_19_43_56_077.jpg,0.0,0.0,0.0,6.892976
IMG/center_2026_01_05_19_43_56_178.jpg,IMG/left_2026_01_05_19_43_56_178.jpg,IMG/right_2026_01_05_19_43_56_178.jpg,0.0,0.0,0.0,6.823805
IMG/center_2026_01_05_19_43_56_283.jpg,IMG/left_2026_01_05_19_43_56_283.jpg,IMG/right_2026_01_05_19_43_56_283.jpg,-0.3125013,0.0224208,0.0,6.723896
IMG/center_2026_01_05_19_43_56_386.jpg,IMG/left_2026_01_05_19_43_56_386.jpg,IMG/right_2026_01_05_19_43_56_386.jpg,-0.6224335,0.3323529,0.0,6.831128
IMG/center_2026_01_05_19_43_56_491.jpg,IMG/left_2026_01_05_19_43_56_491.jpg,IMG/right_2026_01_05_19_43_56_491.jpg,-0.9353735,0.6452928,0.0,7.25977
IMG/center_2026_01_05_19_43_56_592.jpg,IMG/left_2026_01_05_19_43_56_592.jpg,IMG/right_2026_01_05_19_43_56_592.jpg,-1.0,0.8884836,0.0,8.039186
IMG/center_2026_01_05_19_43_56_710.jpg,IMG/left_2026_01_05_19_43_56_710.jpg,IMG/right_2026_01_05_19_43_56_710.jpg,-0.8277541,0.5140705,0.0,8.91244
IMG/center_2026_01_05_19_43_56_815.jpg,IMG/left_2026_01_05_19_43_56_815.jpg,IMG/right_2026_01_05_19_43_56_815.jpg,-0.5342689,0.2205853,0.0,9.297243
IMG/center_2026_01_05_19_43_56_920.jpg,IMG/left_2026_01_05_19_43_56_920.jpg,IMG/right_2026_01_05_19_43_56_920.jpg,-0.242017,0.0,0.0,9.314067
IMG/center_2026_01_05_19_43_57_027.jpg,IMG/left_2026_01_05_19_43_57_027.jpg,IMG/right_2026_01_05_19_43_57_027.jpg,0.0,0.3451269,0.0,9.45551
IMG/center_2026_01_05_19_43_57_130.jpg,IMG/left_2026_01_05_19_43_57_130.jpg,IMG/right_2026_01_05_19_43_57_130.jpg,0.0,0.6542073,0.0,9.976292
IMG/center_2026_01_05_19_43_57_234.jpg,IMG/left_2026_01_05_19_43_57_234.jpg,IMG/right_2026_01_05_19_43_57_234.jpg,0.0,0.9446686,0.0,10.8428
IMG/center_2026_01_05_19_43_57_341.jpg,IMG/left_2026_01_05_19_43_57_341.jpg,IMG/right_2026_01_05_19_43_57_341.jpg,0.0,1.0,0.0,12.0646
IMG/center_2026_01_05_19_43_57_444.jpg,IMG/left_2026_01_05_19_43_57_444.jpg,IMG/right_2026_01_05_19_43_57_444.jpg,0.0,1.0,0.0,13.12793
IMG/center_2026_01_05_19_43_57_546.jpg,IMG/left_2026_01_05_19_43_57_546.jpg,IMG/right_2026_01_05_19_43_57_546.jpg,-0.3043887,0.9357857,0.0,14.19025
IMG/center_2026_01_05_19_43_57_652.jpg,IMG/left_2026_01_05_19_43_57_652.jpg,IMG/right_2026_01_05_19_43_57_652.jpg,-0.6220989,0.8606548,0.0,14.99168
IMG/center_2026_01_05_19_43_57_758.jpg,IMG/left_2026_01_05_19_43_57_758.jpg,IMG/right_2026_01_05_19_43_57_758.jpg,-0.8987253,1.0,0.0,15.70547
IMG/center_2026_01_05_19_43_57_859.jpg,IMG/left_2026_01_05_19_43_57_859.jpg,IMG/right_2026_01_05_19_43_57_859.jpg,-0.8453959,1.0,0.0,16.7422
IMG/center_2026_01_05_19_43_57_964.jpg,IMG/left_2026_01_05_19_43_57_964.jpg,IMG/right_2026_01_05_19_43_57_964.jpg,-0.4869247,1.0,0.0,18.0267
IMG/center_2026_01_05_19_43_58_067.jpg,IMG/left_2026_01_05_19_43_58_067.jpg,IMG/right_2026_01_05_19_43_58_067.jpg,-0.1787974,0.7942711,0.0,18.83114
IMG/center_2026_01_05_19_43_58_170.jpg,IMG/left_2026_01_05_19_43_58_170.jpg,IMG/right_2026_01_05_19_43_58_170.jpg,0.0,0.504402,0.0,19.55955
IMG/center_2026_01_05_19_43_58_279.jpg,IMG/left_2026_01_05_19_43_58_279.jpg,IMG/right_2026_01_05_19_43_58_279.jpg,0.0,0.5158492,0.0,19.66221
IMG/center_2026_01_05_19_43_58_382.jpg,IMG/left_2026_01_05_19_43_58_382.jpg,IMG/right_2026_01_05_19_43_58_382.jpg,0.0,0.8158408,0.0,20.48694
IMG/center_2026_01_05_19_43_58_481.jpg,IMG/left_2026_01_05_19_43_58_481.jpg,IMG/right_2026_01_05_19_43_58_481.jpg,0.0,0.7468558,0.0,21.19551
IMG/center_2026_01_05_19_43_58_585.jpg,IMG/left_2026_01_05_19_43_58_585.jpg,IMG/right_2026_01_05_19_43_58_585.jpg,0.0,1.0,0.0,22.24068
IMG/center_2026_01_05_19_43_58_688.jpg,IMG/left_2026_01_05_19_43_58_688.jpg,IMG/right_2026_01_05_19_43_58_688.jpg,0.0,1.0,0.0,23.2525
IMG/center_2026_01_05_19_43_58_794.jpg,IMG/left_2026_01_05_19_43_58_794.jpg,IMG/right_2026_01_05_19_43_58_794.jpg,0.0,1.0,0.0,24.21197
IMG/center_2026_01_05_19_43_58_907.jpg,IMG/left_2026_01_05_19_43_58_907.jpg,IMG/right_2026_01_05_19_43_58_907.jpg,0.0837597,1.0,0.0,25.36496
IMG/center_2026_01_05_19_43_59_014.jpg,IMG/left_2026_01_05_19_43_59_014.jpg,IMG/right_2026_01_05_19_43_59_014.jpg,0.3794925,1.0,0.0,26.2346
IMG/center_2026_01_05_19_43_59_116.jpg,IMG/left_2026_01_05_19_43_59_116.jpg,IMG/right_2026_01_05_19_43_59_116.jpg,0.2245284,1.0,0.0,27.09792
IMG/center_2026_01_05_19_43_59_217.jpg,IMG/left_2026_01_05_19_43_59_217.jpg,IMG/right_2026_01_05_19_43_59_217.jpg,0.0,1.0,0.0,28.03076
IMG/center_2026_01_05_19_43_59_318.jpg,IMG/left_2026_01_05_19_43_59_318.jpg,IMG/right_2026_01_05_19_43_59_318.jpg,0.0,1.0,0.0,28.95289
IMG/center_2026_01_05_19_43_59_428.jpg,IMG/left_2026_01_05_19_43_59_428.jpg,IMG/right_2026_01_05_19_43_59_428.jpg,0.0,1.0,0.0,30.05275
IMG/center_2026_01_05_19_43_59_537.jpg,IMG/left_2026_01_05_19_43_59_537.jpg,IMG/right_2026_01_05_19_43_59_537.jpg,-0.0754257,1.0,0.0,30.18855
IMG/center_2026_01_05_19_43_59_642.jpg,IMG/left_2026_01_05_19_43_59_642.jpg,IMG/right_2026_01_05_19_43_59_642.jpg,-0.3834534,1.0,0.0,30.15803
IMG/center_2026_01_05_19_43_59_743.jpg,IMG/left_2026_01_05_19_43_59_743.jpg,IMG/right_2026_01_05_19_43_59_743.jpg,-0.7308598,1.0,0.0,30.11304
IMG/center_2026_01_05_19_43_59_885.jpg,IMG/left_2026_01_05_19_43_59_885.jpg,IMG/right_2026_01_05_19_43_59_885.jpg,-0.5582557,1.0,0.0,30.17794
IMG/center_2026_01_05_19_43_59_987.jpg,IMG/left_2026_01_05_19_43_59_987.jpg,IMG/right_2026_01_05_19_43_59_987.jpg,-0.2509951,0.9256912,0.0,30.19018
IMG/center_2026_01_05_19_44_00_095.jpg,IMG/left_2026_01_05_19_44_00_095.jpg,IMG/right_2026_01_05_19_44_00_095.jpg,0.0,1.0,0.0,30.1821
IMG/center_2026_01_05_19_44_00_203.jpg,IMG/left_2026_01_05_19_44_00_203.jpg,IMG/right_2026_01_05_19_44_00_203.jpg,0.0,0.9672577,0.0,30.18523
IMG/center_2026_01_05_19_44_00_307.jpg,IMG/left_2026_01_05_19_44_00_307.jpg,IMG/right_2026_01_05_19_44_00_307.jpg,0.0,0.6561151,0.0,30.11281
IMG/center_2026_01_05_19_44_00_413.jpg,IMG/left_2026_01_05_19_44_00_413.jpg,IMG/right_2026_01_05_19_44_00_413.jpg,0.0307008,0.9472191,0.0,30.16434
IMG/center_2026_01_05_19_44_00_517.jpg,IMG/left_2026_01_05_19_44_00_517.jpg,IMG/right_2026_01_05_19_44_00_517.jpg,0.3431994,1.0,0.0,30.15945
IMG/center_2026_01_05_19_44_00_623.jpg,IMG/left_2026_01_05_19_44_00_623.jpg,IMG/right_2026_01_05_19_44_00_623.jpg,0.6878101,1.0,0.0,30.11995
IMG/center_2026_01_05_19_44_00_726.jpg,IMG/left_2026_01_05_19_44_00_726.jpg,IMG/right_2026_01_05_19_44_00_726.jpg,0.6565861,1.0,0.0,30.1618
IMG/center_2026_01_05_19_44_00_829.jpg,IMG/left_2026_01_05_19_44_00_829.jpg,IMG/right_2026_01_05_19_44_00_829.jpg,0.348859,1.0,0.0,30.20242
IMG/center_2026_01_05_19_44_00_933.jpg,IMG/left_2026_01_05_19_44_00_933.jpg,IMG/right_2026_01_05_19_44_00_933.jpg,0.05965923,1.0,0.0,30.19051
IMG/center_2026_01_05_19_44_01_036.jpg,IMG/left_2026_01_05_19_44_01_036.jpg,IMG/right_2026_01_05_19_44_01_036.jpg,0.0,1.0,0.0,30.19007
IMG/center_2026_01_05_19_44_01_142.jpg,IMG/left_2026_01_05_19_44_01_142.jpg,IMG/right_2026_01_05_19_44_01_142.jpg,-0.1217175,1.0,0.0,30.18413
IMG/center_2026_01_05_19_44_01_248.jpg,IMG/left_2026_01_05_19_44_01_248.jpg,IMG/right_2026_01_05_19_44_01_248.jpg,-0.1427181,1.0,0.0,30.19009
IMG/center_2026_01_05_19_44_01_349.jpg,IMG/left_2026_01_05_19_44_01_349.jpg,IMG/right_2026_01_05_19_44_01_349.jpg,0.0,1.0,0.0,30.19033
IMG/center_2026_01_05_19_44_01_451.jpg,IMG/left_2026_01_05_19_44_01_451.jpg,IMG/right_2026_01_05_19_44_01_451.jpg,-0.1483974,1.0,0.0,30.18644
IMG/center_2026_01_05_19_44_01_555.jpg,IMG/left_2026_01_05_19_44_01_555.jpg,IMG/right_2026_01_05_19_44_01_555.jpg,-0.4611627,1.0,0.0,30.14873
IMG/center_2026_01_05_19_44_01_662.jpg,IMG/left_2026_01_05_19_44_01_662.jpg,IMG/right_2026_01_05_19_44_01_662.jpg,-0.7707198,1.0,0.0,30.10524
IMG/center_2026_01_05_19_44_01_763.jpg,IMG/left_2026_01_05_19_44_01_763.jpg,IMG/right_2026_01_05_19_44_01_763.jpg,-1.0,1.0,0.0,30.09377
IMG/center_2026_01_05_19_44_01_866.jpg,IMG/left_2026_01_05_19_44_01_866.jpg,IMG/right_2026_01_05_19_44_01_866.jpg,-1.0,1.0,0.0,30.12057
IMG/center_2026_01_05_19_44_01_976.jpg,IMG/left_2026_01_05_19_44_01_976.jpg,IMG/right_2026_01_05_19_44_01_976.jpg,-0.7020811,1.0,0.0,30.1981
IMG/center_2026_01_05_19_44_02_083.jpg,IMG/left_2026_01_05_19_44_02_083.jpg,IMG/right_2026_01_05_19_44_02_083.jpg,-0.3851863,1.0,0.0,30.21016
IMG/center_2026_01_05_19_44_02_184.jpg,IMG/left_2026_01_05_19_44_02_184.jpg,IMG/right_2026_01_05_19_44_02_184.jpg,-0.04870055,1.0,0.0,30.18779
IMG/center_2026_01_05_19_44_02_290.jpg,IMG/left_2026_01_05_19_44_02_290.jpg,IMG/right_2026_01_05_19_44_02_290.jpg,0.0,1.0,0.0,30.18876
IMG/center_2026_01_05_19_44_02_410.jpg,IMG/left_2026_01_05_19_44_02_410.jpg,IMG/right_2026_01_05_19_44_02_410.jpg,0.0,0.9535693,0.0,30.15726
IMG/center_2026_01_05_19_44_02_519.jpg,IMG/left_2026_01_05_19_44_02_519.jpg,IMG/right_2026_01_05_19_44_02_519.jpg,0.0,1.0,0.0,30.18908
IMG/center_2026_01_05_19_44_02_629.jpg,IMG/left_2026_01_05_19_44_02_629.jpg,IMG/right_2026_01_05_19_44_02_629.jpg,0.0,1.0,0.0,30.18818
IMG/center_2026_01_05_19_44_02_730.jpg,IMG/left_2026_01_05_19_44_02_730.jpg,IMG/right_2026_01_05_19_44_02_730.jpg,0.0,1.0,0.0,30.18272
IMG/center_2026_01_05_19_44_02_836.jpg,IMG/left_2026_01_05_19_44_02_836.jpg,IMG/right_2026_01_05_19_44_02_836.jpg,0.3189159,1.0,0.0,30.16343
IMG/center_2026_01_05_19_44_02_936.jpg,IMG/left_2026_01_05_19_44_02_936.jpg,IMG/right_2026_01_05_19_44_02_936.jpg,0.5814921,1.0,0.0,30.04964
IMG/center_2026_01_05_19_44_03_052.jpg,IMG/left_2026_01_05_19_44_03_052.jpg,IMG/right_2026_01_05_19_44_03_052.jpg,0.4019958,1.0,0.0,30.04328
IMG/center_2026_01_05_19_44_03_158.jpg,IMG/left_2026_01_05_19_44_03_158.jpg,IMG/right_2026_01_05_19_44_03_158.jpg,0.1228821,1.0,0.0,30.17943
IMG/center_2026_01_05_19_44_03_265.jpg,IMG/left_2026_01_05_19_44_03_265.jpg,IMG/right_2026_01_05_19_44_03_265.jpg,0.0,1.0,0.0,30.21407
IMG/center_2026_01_05_19_44_03_367.jpg,IMG/left_2026_01_05_19_44_03_367.jpg,IMG/right_2026_01_05_19_44_03_367.jpg,0.0,1.0,0.0,30.19376
IMG/center_2026_01_05_19_44_03_470.jpg,IMG/left_2026_01_05_19_44_03_470.jpg,IMG/right_2026_01_05_19_44_03_470.jpg,0.0,1.0,0.0,30.19553
IMG/center_2026_01_05_19_44_03_582.jpg,IMG/left_2026_01_05_19_44_03_582.jpg,IMG/right_2026_01_05_19_44_03_582.jpg,0.0,1.0,0.0,30.18096
IMG/center_2026_01_05_19_44_03_682.jpg,IMG/left_2026_01_05_19_44_03_682.jpg,IMG/right_2026_01_05_19_44_03_682.jpg,0.0,1.0,0.0,30.19143
IMG/center_2026_01_05_19_44_03_786.jpg,IMG/left_2026_01_05_19_44_03_786.jpg,IMG/right_2026_01_05_19_44_03_786.jpg,0.0,1.0,0.0,30.1882
IMG/center_2026_01_05_19_44_03_896.jpg,IMG/left_2026_01_05_19_44_03_896.jpg,IMG/right_2026_01_05_19_44_03_896.jpg,0.0,1.0,0.0,30.19066
IMG/center_2026_01_05_19_44_04_002.jpg,IMG/left_2026_01_05_19_44_04_002.jpg,IMG/right_2026_01_05_19_44_04_002.jpg,0.0,1.0,0.0,30.19256
IMG/center_2026_01_05_19_44_04_102.jpg,IMG/left_2026_01_05_19_44_04_102.jpg,IMG/right_2026_01_05_19_44_04_102.jpg,-0.1687215,0.9646537,0.0,30.18277
IMG/center_2026_01_05_19_44_04_217.jpg,IMG/left_2026_01_05_19_44_04_217.jpg,IMG/right_2026_01_05_19_44_04_217.jpg,-0.5403624,0.7124519,0.0,30.04293
IMG/center_2026_01_05_19_44_04_320.jpg,IMG/left_2026_01_05_19_44_04_320.jpg,IMG/right_2026_01_05_19_44_04_320.jpg,-0.5703759,0.9864907,0.0,30.15115
IMG/center_2026_01_05_19_44_04_433.jpg,IMG/left_2026_01_05_19_44_04_433.jpg,IMG/right_2026_01_05_19_44_04_433.jpg,-0.1919211,1.0,0.0,30.19535
IMG/center_2026_01_05_19_44_04_541.jpg,IMG/left_2026_01_05_19_44_04_541.jpg,IMG/right_2026_01_05_19_44_04_541.jpg,0.0,1.0,0.0,30.18533
IMG/center_2026_01_05_19_44_04_652.jpg,IMG/left_2026_01_05_19_44_04_652.jpg,IMG/right_2026_01_05_19_44_04_652.jpg,0.0,1.0,0.0,30.18864
IMG/center_2026_01_05_19_44_04_765.jpg,IMG/left_2026_01_05_19_44_04_765.jpg,IMG/right_2026_01_05_19_44_04_765.jpg,0.0,1.0,0.0,30.18811
IMG/center_2026_01_05_19_44_04_872.jpg,IMG/left_2026_01_05_19_44_04_872.jpg,IMG/right_2026_01_05_19_44_04_872.jpg,0.0,1.0,0.0,30.20488
IMG/center_2026_01_05_19_44_04_983.jpg,IMG/left_2026_01_05_19_44_04_983.jpg,IMG/right_2026_01_05_19_44_04_983.jpg,0.0,1.0,0.0,30.19516
IMG/center_2026_01_05_19_44_05_090.jpg,IMG/left_2026_01_05_19_44_05_090.jpg,IMG/right_2026_01_05_19_44_05_090.jpg,0.0,1.0,0.0,30.20239
IMG/center_2026_01_05_19_44_05_196.jpg,IMG/left_2026_01_05_19_44_05_196.jpg,IMG/right_2026_01_05_19_44_05_196.jpg,0.0,1.0,0.0,30.20219
IMG/center_2026_01_05_19_44_05_300.jpg,IMG/left_2026_01_05_19_44_05_300.jpg,IMG/right_2026_01_05_19_44_05_300.jpg,0.0,1.0,0.0,30.19191
IMG/center_2026_01_05_19_44_05_411.jpg,IMG/left_2026_01_05_19_44_05_411.jpg,IMG/right_2026_01_05_19_44_05_411.jpg,0.0,1.0,0.0,30.20053
IMG/center_2026_01_05_19_44_05_524.jpg,IMG/left_2026_01_05_19_44_05_524.jpg,IMG/right_2026_01_05_19_44_05_524.jpg,0.0,1.0,0.0,30.18917
IMG/center_2026_01_05_19_44_05_633.jpg,IMG/left_2026_01_05_19_44_05_633.jpg,IMG/right_2026_01_05_19_44_05_633.jpg,0.0,1.0,0.0,30.19024
IMG/center_2026_01_05_19_44_05_743.jpg,IMG/left_2026_01_05_19_44_05_743.jpg,IMG/right_2026_01_05_19_44_05_743.jpg,0.0,1.0,0.0,30.19034
IMG/center_2026_01_05_19_44_05_848.jpg,IMG/left_2026_01_05_19_44_05_848.jpg,IMG/right_2026_01_05_19_44_05_848.jpg,0.0,1.0,0.0,30.19029
IMG/center_2026_01_05_19_44_05_954.jpg,IMG/left_2026_01_05_19_44_05_954.jpg,IMG/right_2026_01_05_19_44_05_954.jpg,0.0,1.0,0.0,30.19168
IMG/center_2026_01_05_19_44_06_063.jpg,IMG/left_2026_01_05_19_44_06_063.jpg,IMG/right_2026_01_05_19_44_06_063.jpg,0.0,1.0,0.0,30.19127
IMG/center_2026_01_05_19_44_06_167.jpg,IMG/left_2026_01_05_19_44_06_167.jpg,IMG/right_2026_01_05_19_44_06_167.jpg,0.0,1.0,0.0,30.19332
IMG/center_2026_01_05_19_44_06_275.jpg,IMG/left_2026_01_05_19_44_06_275.jpg,IMG/right_2026_01_05_19_44_06_275.jpg,0.0,1.0,0.0,30.19155
IMG/center_2026_01_05_19_44_06_385.jpg,IMG/left_2026_01_05_19_44_06_385.jpg,IMG/right_2026_01_05_19_44_06_385.jpg,0.0,1.0,0.0,30.19256
IMG/center_2026_01_05_19_44_06_491.jpg,IMG/left_2026_01_05_19_44_06_491.jpg,IMG/right_2026_01_05_19_44_06_491.jpg,-0.3178764,1.0,0.0,30.16537
IMG/center_2026_01_05_19_44_06_595.jpg,IMG/left_2026_01_05_19_44_06_595.jpg,IMG/right_2026_01_05_19_44_06_595.jpg,-0.5248101,1.0,0.0,30.14164
IMG/center_2026_01_05_19_44_06_700.jpg,IMG/left_2026_01_05_19_44_06_700.jpg,IMG/right_2026_01_05_19_44_06_700.jpg,-0.2539662,1.0,0.0,30.19216
IMG/center_2026_01_05_19_44_06_813.jpg,IMG/left_2026_01_05_19_44_06_813.jpg,IMG/right_2026_01_05_19_44_06_813.jpg,0.0,1.0,0.0,30.18627
IMG/center_2026_01_05_19_44_06_919.jpg,IMG/left_2026_01_05_19_44_06_919.jpg,IMG/right_2026_01_05_19_44_06_919.jpg,0.0,1.0,0.0,30.18942
IMG/center_2026_01_05_19_44_07_021.jpg,IMG/left_2026_01_05_19_44_07_021.jpg,IMG/right_2026_01_05_19_44_07_021.jpg,0.0,1.0,0.0,30.19051
IMG/center_2026_01_05_19_44_07_123.jpg,IMG/left_2026_01_05_19_44_07_123.jpg,IMG/right_2026_01_05_19_44_07_123.jpg,0.0,1.0,0.0,30.18981
IMG/center_2026_01_05_19_44_07_231.jpg,IMG/left_2026_01_05_19_44_07_231.jpg,IMG/right_2026_01_05_19_44_07_231.jpg,0.0,1.0,0.0,30.19103
IMG/center_2026_01_05_19_44_07_331.jpg,IMG/left_2026_01_05_19_44_07_331.jpg,IMG/right_2026_01_05_19_44_07_331.jpg,0.0,1.0,0.0,30.19032
IMG/center_2026_01_05_19_44_07_433.jpg,IMG/left_2026_01_05_19_44_07_433.jpg,IMG/right_2026_01_05_19_44_07_433.jpg,0.0,1.0,0.0,30.1902
IMG/center_2026_01_05_19_44_07_545.jpg,IMG/left_2026_01_05_19_44_07_545.jpg,IMG/right_2026_01_05_19_44_07_545.jpg,0.0,1.0,0.0,30.19027
IMG/center_2026_01_05_19_44_07_657.jpg,IMG/left_2026_01_05_19_44_07_657.jpg,IMG/right_2026_01_05_19_44_07_657.jpg,0.0,1.0,0.0,30.19022
IMG/center_2026_01_05_19_44_07_771.jpg,IMG/left_2026_01_05_19_44_07_771.jpg,IMG/right_2026_01_05_19_44_07_771.jpg,0.0,1.0,0.0,30.19024
IMG/center_2026_01_05_19_44_07_873.jpg,IMG/left_2026_01_05_19_44_07_873.jpg,IMG/right_2026_01_05_19_44_07_873.jpg,0.0,1.0,0.0,30.1903
IMG/center_2026_01_05_19_44_07_975.jpg,IMG/left_2026_01_05_19_44_07_975.jpg,IMG/right_2026_01_05_19_44_07_975.jpg,0.0,1.0,0.0,30.19028
IMG/center_2026_01_05_19_44_08_082.jpg,IMG/left_2026_01_05_19_44_08_082.jpg,IMG/right_2026_01_05_19_44_08_082.jpg,0.0,1.0,0.0,30.19101
IMG/center_2026_01_05_19_44_08_184.jpg,IMG/left_2026_01_05_19_44_08_184.jpg,IMG/right_2026_01_05_19_44_08_184.jpg,0.0,1.0,0.0,30.19195
IMG/center_2026_01_05_19_44_08_293.jpg,IMG/left_2026_01_05_19_44_08_293.jpg,IMG/right_2026_01_05_19_44_08_293.jpg,0.0,1.0,0.0,30.19166
IMG/center_2026_01_05_19_44_08_401.jpg,IMG/left_2026_01_05_19_44_08_401.jpg,IMG/right_2026_01_05_19_44_08_401.jpg,0.0,1.0,0.0,30.19339
IMG/center_2026_01_05_19_44_08_502.jpg,IMG/left_2026_01_05_19_44_08_502.jpg,IMG/right_2026_01_05_19_44_08_502.jpg,0.0,1.0,0.0,30.19044
IMG/center_2026_01_05_19_44_08_609.jpg,IMG/left_2026_01_05_19_44_08_609.jpg,IMG/right_2026_01_05_19_44_08_609.jpg,0.0,1.0,0.0,30.19064
IMG/center_2026_01_05_19_44_08_720.jpg,IMG/left_2026_01_05_19_44_08_720.jpg,IMG/right_2026_01_05_19_44_08_720.jpg,0.0,1.0,0.0,30.19069
IMG/center_2026_01_05_19_44_08_821.jpg,IMG/left_2026_01_05_19_44_08_821.jpg,IMG/right_2026_01_05_19_44_08_821.jpg,-0.1617273,1.0,0.0,30.18279
IMG/center_2026_01_05_19_44_08_924.jpg,IMG/left_2026_01_05_19_44_08_924.jpg,IMG/right_2026_01_05_19_44_08_924.jpg,-0.3792387,1.0,0.0,30.16803
IMG/center_2026_01_05_19_44_09_029.jpg,IMG/left_2026_01_05_19_44_09_029.jpg,IMG/right_2026_01_05_19_44_09_029.jpg,-0.06636598,1.0,0.0,30.19073
IMG/center_2026_01_05_19_44_09_142.jpg,IMG/left_2026_01_05_19_44_09_142.jpg,IMG/right_2026_01_05_19_44_09_142.jpg,0.0,1.0,0.0,30.18955
IMG/center_2026_01_05_19_44_09_243.jpg,IMG/left_2026_01_05_19_44_09_243.jpg,IMG/right_2026_01_05_19_44_09_243.jpg,0.0,1.0,0.0,30.19037
IMG/center_2026_01_05_19_44_09_352.jpg,IMG/left_2026_01_05_19_44_09_352.jpg,IMG/right_2026_01_05_19_44_09_352.jpg,0.0,1.0,0.0,30.19031
IMG/center_2026_01_05_19_44_09_464.jpg,IMG/left_2026_01_05_19_44_09_464.jpg,IMG/right_2026_01_05_19_44_09_464.jpg,0.0,1.0,0.0,30.19054
IMG/center_2026_01_05_19_44_09_578.jpg,IMG/left_2026_01_05_19_44_09_578.jpg,IMG/right_2026_01_05_19_44_09_578.jpg,0.0,1.0,0.0,30.1904
IMG/center_2026_01_05_19_44_09_681.jpg,IMG/left_2026_01_05_19_44_09_681.jpg,IMG/right_2026_01_05_19_44_09_681.jpg,0.0,1.0,0.0,30.19038
IMG/center_2026_01_05_19_44_09_791.jpg,IMG/left_2026_01_05_19_44_09_791.jpg,IMG/right_2026_01_05_19_44_09_791.jpg,0.0,1.0,0.0,30.19038
IMG/center_2026_01_05_19_44_09_900.jpg,IMG/left_2026_01_05_19_44_09_900.jpg,IMG/right_2026_01_05_19_44_09_900.jpg,0.0,1.0,0.0,30.1904
IMG/center_2026_01_05_19_44_10_007.jpg,IMG/left_2026_01_05_19_44_10_007.jpg,IMG/right_2026_01_05_19_44_10_007.jpg,0.0,1.0,0.0,30.19039
IMG/center_2026_01_05_19_44_10_119.jpg,IMG/left_2026_01_05_19_44_10_119.jpg,IMG/right_2026_01_05_19_44_10_119.jpg,0.0,1.0,0.0,30.19038
IMG/center_2026_01_05_19_44_10_224.jpg,IMG/left_2026_01_05_19_44_10_224.jpg,IMG/right_2026_01_05_19_44_10_224.jpg,0.0,1.0,0.0,30.1904
IMG/center_2026_01_05_19_44_10_335.jpg,IMG/left_2026_01_05_19_44_10_335.jpg,IMG/right_2026_01_05_19_44_10_335.jpg,0.0,1.0,0.0,30.19039
IMG/center_2026_01_05_19_44_10_437.jpg,IMG/left_2026_01_05_19_44_10_437.jpg,IMG/right_2026_01_05_19_44_10_437.jpg,0.0,1.0,0.0,30.19076
IMG/center_2026_01_05_19_44_10_538.jpg,IMG/left_2026_01_05_19_44_10_538.jpg,IMG/right_2026_01_05_19_44_10_538.jpg,0.0,1.0,0.0,30.19057
IMG/center_2026_01_05_19_44_10_650.jpg,IMG/left_2026_01_05_19_44_10_650.jpg,IMG/right_2026_01_05_19_44_10_650.jpg,0.0,1.0,0.0,30.19086
IMG/center_2026_01_05_19_44_10_770.jpg,IMG/left_2026_01_05_19_44_10_770.jpg,IMG/right_2026_01_05_19_44_10_770.jpg,0.0,1.0,0.0,30.19139
IMG/center_2026_01_05_19_44_10_878.jpg,IMG/left_2026_01_05_19_44_10_878.jpg,IMG/right_2026_01_05_19_44_10_878.jpg,0.0,1.0,0.0,30.19035
IMG/center_2026_01_05_19_44_10_982.jpg,IMG/left_2026_01_05_19_44_10_982.jpg,IMG/right_2026_01_05_19_44_10_982.jpg,-0.2726841,1.0,0.0,30.17146
IMG/center_2026_01_05_19_44_11_096.jpg,IMG/left_2026_01_05_19_44_11_096.jpg,IMG/right_2026_01_05_19_44_11_096.jpg,-0.6508659,1.0,0.0,30.12149
IMG/center_2026_01_05_19_44_11_201.jpg,IMG/left_2026_01_05_19_44_11_201.jpg,IMG/right_2026_01_05_19_44_11_201.jpg,-0.9290526,1.0,0.0,30.09546
IMG/center_2026_01_05_19_44_11_301.jpg,IMG/left_2026_01_05_19_44_11_301.jpg,IMG/right_2026_01_05_19_44_11_301.jpg,-0.7931255,1.0,0.0,30.14975
IMG/center_2026_01_05_19_44_11_403.jpg,IMG/left_2026_01_05_19_44_11_403.jpg,IMG/right_2026_01_05_19_44_11_403.jpg,-0.486907,1.0,0.0,30.2009
IMG/center_2026_01_05_19_44_11_509.jpg,IMG/left_2026_01_05_19_44_11_509.jpg,IMG/right_2026_01_05_19_44_11_509.jpg,-0.1715095,1.0,0.0,30.19595
IMG/center_2026_01_05_19_44_11_614.jpg,IMG/left_2026_01_05_19_44_11_614.jpg,IMG/right_2026_01_05_19_44_11_614.jpg,0.0,1.0,0.0,30.17909
IMG/center_2026_01_05_19_44_11_715.jpg,IMG/left_2026_01_05_19_44_11_715.jpg,IMG/right_2026_01_05_19_44_11_715.jpg,0.0,1.0,0.0,29.72869
IMG/center_2026_01_05_19_44_11_819.jpg,IMG/left_2026_01_05_19_44_11_819.jpg,IMG/right_2026_01_05_19_44_11_819.jpg,0.0,1.0,0.0,29.91408
IMG/center_2026_01_05_19_44_11_927.jpg,IMG/left_2026_01_05_19_44_11_927.jpg,IMG/right_2026_01_05_19_44_11_927.jpg,0.0,1.0,0.0,30.31067
IMG/center_2026_01_05_19_44_12_032.jpg,IMG/left_2026_01_05_19_44_12_032.jpg,IMG/right_2026_01_05_19_44_12_032.jpg,0.0,1.0,0.0,29.222
IMG/center_2026_01_05_19_44_12_133.jpg,IMG/left_2026_01_05_19_44_12_133.jpg,IMG/right_2026_01_05_19_44_12_133.jpg,0.0,1.0,0.0,28.95611
IMG/center_2026_01_05_19_44_12_234.jpg,IMG/left_2026_01_05_19_44_12_234.jpg,IMG/right_2026_01_05_19_44_12_234.jpg,0.0,1.0,0.0,28.57142
IMG/center_2026_01_05_19_44_12_344.jpg,IMG/left_2026_01_05_19_44_12_344.jpg,IMG/right_2026_01_05_19_44_12_344.jpg,0.0,1.0,0.0,28.5906
IMG/center_2026_01_05_19_44_12_451.jpg,IMG/left_2026_01_05_19_44_12_451.jpg,IMG/right_2026_01_05_19_44_12_451.jpg,0.0,1.0,0.0,28.81259
IMG/center_2026_01_05_19_44_12_553.jpg,IMG/left_2026_01_05_19_44_12_553.jpg,IMG/right_2026_01_05_19_44_12_553.jpg,0.0,1.0,0.0,29.2093
IMG/center_2026_01_05_19_44_12_665.jpg,IMG/left_2026_01_05_19_44_12_665.jpg,IMG/right_2026_01_05_19_44_12_665.jpg,0.0,1.0,0.0,30.01549
IMG/center_2026_01_05_19_44_12_776.jpg,IMG/left_2026_01_05_19_44_12_776.jpg,IMG/right_2026_01_05_19_44_12_776.jpg,0.0,1.0,0.0,30.30033
IMG/center_2026_01_05_19_44_12_878.jpg,IMG/left_2026_01_05_19_44_12_878.jpg,IMG/right_2026_01_05_19_44_12_878.jpg,0.0,1.0,0.0,30.44896
IMG/center_2026_01_05_19_44_12_981.jpg,IMG/left_2026_01_05_19_44_12_981.jpg,IMG/right_2026_01_05_19_44_12_981.jpg,0.0,1.0,0.0,30.28651
IMG/center_2026_01_05_19_44_13_091.jpg,IMG/left_2026_01_05_19_44_13_091.jpg,IMG/right_2026_01_05_19_44_13_091.jpg,0.0,1.0,0.0,30.35678
IMG/center_2026_01_05_19_44_13_201.jpg,IMG/left_2026_01_05_19_44_13_201.jpg,IMG/right_2026_01_05_19_44_13_201.jpg,0.0,1.0,0.0,30.3833
IMG/center_2026_01_05_19_44_13_306.jpg,IMG/left_2026_01_05_19_44_13_306.jpg,IMG/right_2026_01_05_19_44_13_306.jpg,0.0,1.0,0.0,30.47057
IMG/center_2026_01_05_19_44_13_413.jpg,IMG/left_2026_01_05_19_44_13_413.jpg,IMG/right_2026_01_05_19_44_13_413.jpg,0.0,1.0,0.0,29.93219
IMG/center_2026_01_05_19_44_13_516.jpg,IMG/left_2026_01_05_19_44_13_516.jpg,IMG/right_2026_01_05_19_44_13_516.jpg,0.0,1.0,0.0,30.11471
IMG/center_2026_01_05_19_44_13_617.jpg,IMG/left_2026_01_05_19_44_13_617.jpg,IMG/right_2026_01_05_19_44_13_617.jpg,0.0,1.0,0.0,30.07301
IMG/center_2026_01_05_19_44_13_729.jpg,IMG/left_2026_01_05_19_44_13_729.jpg,IMG/right_2026_01_05_19_44_13_729.jpg,0.0,1.0,0.0,30.05285
IMG/center_2026_01_05_19_44_13_839.jpg,IMG/left_2026_01_05_19_44_13_839.jpg,IMG/right_2026_01_05_19_44_13_839.jpg,0.0,1.0,0.0,30.12468
IMG/center_2026_01_05_19_44_13_939.jpg,IMG/left_2026_01_05_19_44_13_939.jpg,IMG/right_2026_01_05_19_44_13_939.jpg,0.0,1.0,0.0,30.19602
IMG/center_2026_01_05_19_44_14_046.jpg,IMG/left_2026_01_05_19_44_14_046.jpg,IMG/right_2026_01_05_19_44_14_046.jpg,0.0,1.0,0.0,30.14607
IMG/center_2026_01_05_19_44_14_152.jpg,IMG/left_2026_01_05_19_44_14_152.jpg,IMG/right_2026_01_05_19_44_14_152.jpg,0.0,1.0,0.0,30.22252
IMG/center_2026_01_05_19_44_14_258.jpg,IMG/left_2026_01_05_19_44_14_258.jpg,IMG/right_2026_01_05_19_44_14_258.jpg,0.0,1.0,0.0,30.24603
IMG/center_2026_01_05_19_44_14_361.jpg,IMG/left_2026_01_05_19_44_14_361.jpg,IMG/right_2026_01_05_19_44_14_361.jpg,0.0,1.0,0.0,30.15843
IMG/center_2026_01_05_19_44_14_473.jpg,IMG/left_2026_01_05_19_44_14_473.jpg,IMG/right_2026_01_05_19_44_14_473.jpg,0.0,1.0,0.0,30.20297
IMG/center_2026_01_05_19_44_14_581.jpg,IMG/left_2026_01_05_19_44_14_581.jpg,IMG/right_2026_01_05_19_44_14_581.jpg,0.0,1.0,0.0,30.22204
IMG/center_2026_01_05_19_44_14_687.jpg,IMG/left_2026_01_05_19_44_14_687.jpg,IMG/right_2026_01_05_19_44_14_687.jpg,0.0,1.0,0.0,30.06681
IMG/center_2026_01_05_19_44_14_787.jpg,IMG/left_2026_01_05_19_44_14_787.jpg,IMG/right_2026_01_05_19_44_14_787.jpg,0.0,1.0,0.0,30.3531
IMG/center_2026_01_05_19_44_14_897.jpg,IMG/left_2026_01_05_19_44_14_897.jpg,IMG/right_2026_01_05_19_44_14_897.jpg,0.0,1.0,0.0,30.07862
IMG/center_2026_01_05_19_44_15_005.jpg,IMG/left_2026_01_05_19_44_15_005.jpg,IMG/right_2026_01_05_19_44_15_005.jpg,0.0,1.0,0.0,29.84405
IMG/center_2026_01_05_19_44_15_115.jpg,IMG/left_2026_01_05_19_44_15_115.jpg,IMG/right_2026_01_05_19_44_15_115.jpg,0.0,1.0,0.0,30.28758
IMG/center_2026_01_05_19_44_15_218.jpg,IMG/left_2026_01_05_19_44_15_218.jpg,IMG/right_2026_01_05_19_44_15_218.jpg,0.0,1.0,0.0,30.17682
IMG/center_2026_01_05_19_44_15_329.jpg,IMG/left_2026_01_05_19_44_15_329.jpg,IMG/right_2026_01_05_19_44_15_329.jpg,0.0,1.0,0.0,30.30206
IMG/center_2026_01_05_19_44_15_439.jpg,IMG/left_2026_01_05_19_44_15_439.jpg,IMG/right_2026_01_05_19_44_15_439.jpg,0.0,1.0,0.0,30.30135
IMG/center_2026_01_05_19_44_15_554.jpg,IMG/left_2026_01_05_19_44_15_554.jpg,IMG/right_2026_01_05_19_44_15_554.jpg,0.0,1.0,0.0,30.15495
IMG/center_2026_01_05_19_44_15_654.jpg,IMG/left_2026_01_05_19_44_15_654.jpg,IMG/right_2026_01_05_19_44_15_654.jpg,0.0,1.0,0.0,30.11192
IMG/center_2026_01_05_19_44_15_759.jpg,IMG/left_2026_01_05_19_44_15_759.jpg,IMG/right_2026_01_05_19_44_15_759.jpg,0.0,1.0,0.0,30.13599
IMG/center_2026_01_05_19_44_15_859.jpg,IMG/left_2026_01_05_19_44_15_859.jpg,IMG/right_2026_01_05_19_44_15_859.jpg,0.0,1.0,0.0,30.14675
IMG/center_2026_01_05_19_44_15_959.jpg,IMG/left_2026_01_05_19_44_15_959.jpg,IMG/right_2026_01_05_19_44_15_959.jpg,0.0,1.0,0.0,30.12363
IMG/center_2026_01_05_19_44_16_072.jpg,IMG/left_2026_01_05_19_44_16_072.jpg,IMG/right_2026_01_05_19_44_16_072.jpg,0.0,1.0,0.0,30.11651
IMG/center_2026_01_05_19_44_16_172.jpg,IMG/left_2026_01_05_19_44_16_172.jpg,IMG/right_2026_01_05_19_44_16_172.jpg,0.0,1.0,0.0,30.13476
IMG/center_2026_01_05_19_44_16_279.jpg,IMG/left_2026_01_05_19_44_16_279.jpg,IMG/right_2026_01_05_19_44_16_279.jpg,0.0,1.0,0.0,30.20229
IMG/center_2026_01_05_19_44_16_384.jpg,IMG/left_2026_01_05_19_44_16_384.jpg,IMG/right_2026_01_05_19_44_16_384.jpg,0.0,1.0,0.0,30.17287
IMG/center_2026_01_05_19_44_16_491.jpg,IMG/left_2026_01_05_19_44_16_491.jpg,IMG/right_2026_01_05_19_44_16_491.jpg,0.0,1.0,0.0,30.28596
IMG/center_2026_01_05_19_44_16_593.jpg,IMG/left_2026_01_05_19_44_16_593.jpg,IMG/right_2026_01_05_19_44_16_593.jpg,0.0,1.0,0.0,30.33236
IMG/center_2026_01_05_19_44_16_700.jpg,IMG/left_2026_01_05_19_44_16_700.jpg,IMG/right_2026_01_05_19_44_16_700.jpg,0.0,1.0,0.0,30.37523
IMG/center_2026_01_05_19_44_16_806.jpg,IMG/left_2026_01_05_19_44_16_806.jpg,IMG/right_2026_01_05_19_44_16_806.jpg,0.0,1.0,0.0,30.35853
IMG/center_2026_01_05_19_44_16_906.jpg,IMG/left_2026_01_05_19_44_16_906.jpg,IMG/right_2026_01_05_19_44_16_906.jpg,0.0,1.0,0.0,30.34456
IMG/center_2026_01_05_19_44_17_009.jpg,IMG/left_2026_01_05_19_44_17_009.jpg,IMG/right_2026_01_05_19_44_17_009.jpg,0.0,1.0,0.0,30.36294
IMG/center_2026_01_05_19_44_17_113.jpg,IMG/left_2026_01_05_19_44_17_113.jpg,IMG/right_2026_01_05_19_44_17_113.jpg,0.0,1.0,0.0,30.30589
IMG/center_2026_01_05_19_44_17_218.jpg,IMG/left_2026_01_05_19_44_17_218.jpg,IMG/right_2026_01_05_19_44_17_218.jpg,0.0,1.0,0.0,30.3339
IMG/center_2026_01_05_19_44_17_325.jpg,IMG/left_2026_01_05_19_44_17_325.jpg,IMG/right_2026_01_05_19_44_17_325.jpg,0.0,1.0,0.0,30.34186
IMG/center_2026_01_05_19_44_17_428.jpg,IMG/left_2026_01_05_19_44_17_428.jpg,IMG/right_2026_01_05_19_44_17_428.jpg,0.0,1.0,0.0,30.31631
IMG/center_2026_01_05_19_44_17_532.jpg,IMG/left_2026_01_05_19_44_17_532.jpg,IMG/right_2026_01_05_19_44_17_532.jpg,0.0,1.0,0.0,30.39509
IMG/center_2026_01_05_19_44_17_636.jpg,IMG/left_2026_01_05_19_44_17_636.jpg,IMG/right_2026_01_05_19_44_17_636.jpg,0.0,1.0,0.0,21.54741
IMG/center_2026_01_05_19_44_17_744.jpg,IMG/left_2026_01_05_19_44_17_744.jpg,IMG/right_2026_01_05_19_44_17_744.jpg,0.0,1.0,0.0,20.69028
IMG/center_2026_01_05_19_44_17_853.jpg,IMG/left_2026_01_05_19_44_17_853.jpg,IMG/right_2026_01_05_19_44_17_853.jpg,0.0,1.0,0.0,17.91939
IMG/center_2026_01_05_19_44_17_956.jpg,IMG/left_2026_01_05_19_44_17_956.jpg,IMG/right_2026_01_05_19_44_17_956.jpg,0.0,1.0,0.0,17.86358
IMG/center_2026_01_05_19_44_18_064.jpg,IMG/left_2026_01_05_19_44_18_064.jpg,IMG/right_2026_01_05_19_44_18_064.jpg,0.0,1.0,0.0,18.18188
IMG/center_2026_01_05_19_44_18_172.jpg,IMG/left_2026_01_05_19_44_18_172.jpg,IMG/right_2026_01_05_19_44_18_172.jpg,0.0,1.0,0.0,18.06769
IMG/center_2026_01_05_19_44_18_281.jpg,IMG/left_2026_01_05_19_44_18_281.jpg,IMG/right_2026_01_05_19_44_18_281.jpg,0.0,1.0,0.0,17.05566
IMG/center_2026_01_05_19_44_18_391.jpg,IMG/left_2026_01_05_19_44_18_391.jpg,IMG/right_2026_01_05_19_44_18_391.jpg,0.0,1.0,0.0,17.29214
IMG/center_2026_01_05_19_44_18_494.jpg,IMG/left_2026_01_05_19_44_18_494.jpg,IMG/right_2026_01_05_19_44_18_494.jpg,0.0,1.0,0.0,16.97893
IMG/center_2026_01_05_19_44_18_597.jpg,IMG/left_2026_01_05_19_44_18_597.jpg,IMG/right_2026_01_05_19_44_18_597.jpg,0.0,1.0,0.0,17.00194
IMG/center_2026_01_05_19_44_18_707.jpg,IMG/left_2026_01_05_19_44_18_707.jpg,IMG/right_2026_01_05_19_44_18_707.jpg,0.0,1.0,0.0,16.86231
IMG/center_2026_01_05_19_44_18_811.jpg,IMG/left_2026_01_05_19_44_18_811.jpg,IMG/right_2026_01_05_19_44_18_811.jpg,-0.2520357,1.0,0.0,17.04121
IMG/center_2026_01_05_19_44_18_911.jpg,IMG/left_2026_01_05_19_44_18_911.jpg,IMG/right_2026_01_05_19_44_18_911.jpg,-0.2367513,1.0,0.0,17.09698
IMG/center_2026_01_05_19_44_19_024.jpg,IMG/left_2026_01_05_19_44_19_024.jpg,IMG/right_2026_01_05_19_44_19_024.jpg,-0.5563509,1.0,0.0,17.16952
IMG/center_2026_01_05_19_44_19_128.jpg,IMG/left_2026_01_05_19_44_19_128.jpg,IMG/right_2026_01_05_19_44_19_128.jpg,-0.8858268,1.0,0.0,17.44611
IMG/center_2026_01_05_19_44_19_230.jpg,IMG/left_2026_01_05_19_44_19_230.jpg,IMG/right_2026_01_05_19_44_19_230.jpg,-1.0,1.0,0.0,18.00112
IMG/center_2026_01_05_19_44_19_339.jpg,IMG/left_2026_01_05_19_44_19_339.jpg,IMG/right_2026_01_05_19_44_19_339.jpg,-1.0,1.0,0.0,18.66782
IMG/center_2026_01_05_19_44_19_442.jpg,IMG/left_2026_01_05_19_44_19_442.jpg,IMG/right_2026_01_05_19_44_19_442.jpg,-1.0,1.0,0.0,19.44503
IMG/center_2026_01_05_19_44_19_549.jpg,IMG/left_2026_01_05_19_44_19_549.jpg,IMG/right_2026_01_05_19_44_19_549.jpg,-1.0,1.0,0.0,20.35981
IMG/center_2026_01_05_19_44_19_657.jpg,IMG/left_2026_01_05_19_44_19_657.jpg,IMG/right_2026_01_05_19_44_19_657.jpg,-1.0,1.0,0.0,21.40522
IMG/center_2026_01_05_19_44_19_759.jpg,IMG/left_2026_01_05_19_44_19_759.jpg,IMG/right_2026_01_05_19_44_19_759.jpg,-1.0,1.0,0.0,22.48403
IMG/center_2026_01_05_19_44_19_861.jpg,IMG/left_2026_01_05_19_44_19_861.jpg,IMG/right_2026_01_05_19_44_19_861.jpg,-1.0,1.0,0.0,23.73123
IMG/center_2026_01_05_19_44_19_967.jpg,IMG/left_2026_01_05_19_44_19_967.jpg,IMG/right_2026_01_05_19_44_19_967.jpg,-1.0,1.0,0.0,24.88605
IMG/center_2026_01_05_19_44_20_070.jpg,IMG/left_2026_01_05_19_44_20_070.jpg,IMG/right_2026_01_05_19_44_20_070.jpg,-1.0,1.0,0.0,25.20203
IMG/center_2026_01_05_19_44_20_174.jpg,IMG/left_2026_01_05_19_44_20_174.jpg,IMG/right_2026_01_05_19_44_20_174.jpg,-1.0,1.0,0.0,26.96957
IMG/center_2026_01_05_19_44_20_286.jpg,IMG/left_2026_01_05_19_44_20_286.jpg,IMG/right_2026_01_05_19_44_20_286.jpg,-1.0,1.0,0.0,28.17425
IMG/center_2026_01_05_19_44_20_391.jpg,IMG/left_2026_01_05_19_44_20_391.jpg,IMG/right_2026_01_05_19_44_20_391.jpg,-1.0,1.0,0.0,29.00245
IMG/center_2026_01_05_19_44_20_499.jpg,IMG/left_2026_01_05_19_44_20_499.jpg,IMG/right_2026_01_05_19_44_20_499.jpg,-1.0,1.0,0.0,29.86449
IMG/center_2026_01_05_19_44_20_605.jpg,IMG/left_2026_01_05_19_44_20_605.jpg,IMG/right_2026_01_05_19_44_20_605.jpg,-1.0,1.0,0.0,30.11366
IMG/center_2026_01_05_19_44_20_707.jpg,IMG/left_2026_01_05_19_44_20_707.jpg,IMG/right_2026_01_05_19_44_20_707.jpg,-0.9240696,1.0,0.0,30.16986
IMG/center_2026_01_05_19_44_20_817.jpg,IMG/left_2026_01_05_19_44_20_817.jpg,IMG/right_2026_01_05_19_44_20_817.jpg,-0.626179,1.0,0.0,30.24185
IMG/center_2026_01_05_19_44_20_920.jpg,IMG/left_2026_01_05_19_44_20_920.jpg,IMG/right_2026_01_05_19_44_20_920.jpg,-0.3279904,1.0,0.0,30.20316
IMG/center_2026_01_05_19_44_21_025.jpg,IMG/left_2026_01_05_19_44_21_025.jpg,IMG/right_2026_01_05_19_44_21_025.jpg,0.0,1.0,0.0,30.17745
IMG/center_2026_01_05_19_44_21_132.jpg,IMG/left_2026_01_05_19_44_21_132.jpg,IMG/right_2026_01_05_19_44_21_132.jpg,0.0,1.0,0.0,30.18953
IMG/center_2026_01_05_19_44_21_238.jpg,IMG/left_2026_01_05_19_44_21_238.jpg,IMG/right_2026_01_05_19_44_21_238.jpg,0.0,1.0,0.0,30.19039
IMG/center_2026_01_05_19_44_21_339.jpg,IMG/left_2026_01_05_19_44_21_339.jpg,IMG/right_2026_01_05_19_44_21_339.jpg,0.0,1.0,0.0,30.1903
IMG/center_2026_01_05_19_44_21_446.jpg,IMG/left_2026_01_05_19_44_21_446.jpg,IMG/right_2026_01_05_19_44_21_446.jpg,-0.1987188,1.0,0.0,30.17992
IMG/center_2026_01_05_19_44_21_551.jpg,IMG/left_2026_01_05_19_44_21_551.jpg,IMG/right_2026_01_05_19_44_21_551.jpg,-0.4918548,1.0,0.0,30.14281
IMG/center_2026_01_05_19_44_21_653.jpg,IMG/left_2026_01_05_19_44_21_653.jpg,IMG/right_2026_01_05_19_44_21_653.jpg,-0.7977706,1.0,0.0,30.10592
IMG/center_2026_01_05_19_44_21_757.jpg,IMG/left_2026_01_05_19_44_21_757.jpg,IMG/right_2026_01_05_19_44_21_757.jpg,-1.0,1.0,0.0,30.09089
IMG/center_2026_01_05_19_44_21_860.jpg,IMG/left_2026_01_05_19_44_21_860.jpg,IMG/right_2026_01_05_19_44_21_860.jpg,-1.0,1.0,0.0,30.11556
IMG/center_2026_01_05_19_44_21_965.jpg,IMG/left_2026_01_05_19_44_21_965.jpg,IMG/right_2026_01_05_19_44_21_965.jpg,-1.0,1.0,0.0,30.14225
IMG/center_2026_01_05_19_44_22_071.jpg,IMG/left_2026_01_05_19_44_22_071.jpg,IMG/right_2026_01_05_19_44_22_071.jpg,-0.7749865,1.0,0.0,30.19882
IMG/center_2026_01_05_19_44_22_176.jpg,IMG/left_2026_01_05_19_44_22_176.jpg,IMG/right_2026_01_05_19_44_22_176.jpg,-0.457921,1.0,0.0,30.21402
IMG/center_2026_01_05_19_44_22_281.jpg,IMG/left_2026_01_05_19_44_22_281.jpg,IMG/right_2026_01_05_19_44_22_281.jpg,-0.175543,1.0,0.0,30.20219
IMG/center_2026_01_05_19_44_22_385.jpg,IMG/left_2026_01_05_19_44_22_385.jpg,IMG/right_2026_01_05_19_44_22_385.jpg,0.0,1.0,0.0,30.18877
IMG/center_2026_01_05_19_44_22_486.jpg,IMG/left_2026_01_05_19_44_22_486.jpg,IMG/right_2026_01_05_19_44_22_486.jpg,0.0,1.0,0.0,30.1903
IMG/center_2026_01_05_19_44_22_590.jpg,IMG/left_2026_01_05_19_44_22_590.jpg,IMG/right_2026_01_05_19_44_22_590.jpg,0.0,1.0,0.0,30.19027
IMG/center_2026_01_05_19_44_22_695.jpg,IMG/left_2026_01_05_19_44_22_695.jpg,IMG/right_2026_01_05_19_44_22_695.jpg,0.0,1.0,0.0,30.19026
IMG/center_2026_01_05_19_44_22_795.jpg,IMG/left_2026_01_05_19_44_22_795.jpg,IMG/right_2026_01_05_19_44_22_795.jpg,0.0,1.0,0.0,30.19024
IMG/center_2026_01_05_19_44_22_901.jpg,IMG/left_2026_01_05_19_44_22_901.jpg,IMG/right_2026_01_05_19_44_22_901.jpg,0.0,1.0,0.0,30.18159
IMG/center_2026_01_05_19_44_23_002.jpg,IMG/left_2026_01_05_19_44_23_002.jpg,IMG/right_2026_01_05_19_44_23_002.jpg,0.0,1.0,0.0,18.60734
IMG/center_2026_01_05_19_44_23_102.jpg,IMG/left_2026_01_05_19_44_23_102.jpg,IMG/right_2026_01_05_19_44_23_102.jpg,0.0,1.0,0.0,11.22537
IMG/center_2026_01_05_19_44_23_206.jpg,IMG/left_2026_01_05_19_44_23_206.jpg,IMG/right_2026_01_05_19_44_23_206.jpg,0.0,1.0,0.0,7.776723
IMG/center_2026_01_05_19_44_23_310.jpg,IMG/left_2026_01_05_19_44_23_310.jpg,IMG/right_2026_01_05_19_44_23_310.jpg,0.0,1.0,0.0,5.483848
IMG/center_2026_01_05_19_44_23_416.jpg,IMG/left_2026_01_05_19_44_23_416.jpg,IMG/right_2026_01_05_19_44_23_416.jpg,0.0,1.0,0.0,3.759857
IMG/center_2026_01_05_19_44_23_517.jpg,IMG/left_2026_01_05_19_44_23_517.jpg,IMG/right_2026_01_05_19_44_23_517.jpg,0.0,1.0,0.0,2.054379
IMG/center_2026_01_05_19_44_23_621.jpg,IMG/left_2026_01_05_19_44_23_621.jpg,IMG/right_2026_01_05_19_44_23_621.jpg,0.0,1.0,0.0,0.01019947
IMG/center_2026_01_05_19_44_23_727.jpg,IMG/left_2026_01_05_19_44_23_727.jpg,IMG/right_2026_01_05_19_44_23_727.jpg,0.0,1.0,0.0,4.807406e-05
IMG/center_2026_01_05_19_44_23_829.jpg,IMG/left_2026_01_05_19_44_23_829.jpg,IMG/right_2026_01_05_19_44_23_829.jpg,-0.1984392,1.0,0.0,4.223095e-05
IMG/center_2026_01_05_19_44_23_931.jpg,IMG/left_2026_01_05_19_44_23_931.jpg,IMG/right_2026_01_05_19_44_23_931.jpg,-0.489367,1.0,0.0,4.993823e-05
IMG/center_2026_01_05_19_44_24_032.jpg,IMG/left_2026_01_05_19_44_24_032.jpg,IMG/right_2026_01_05_19_44_24_032.jpg,-0.7904488,1.0,0.0,2.58741e-05
IMG/center_2026_01_05_19_44_24_137.jpg,IMG/left_2026_01_05_19_44_24_137.jpg,IMG/right_2026_01_05_19_44_24_137.jpg,-1.0,1.0,0.0,3.765769e-05
IMG/center_2026_01_05_19_44_24_240.jpg,IMG/left_2026_01_05_19_44_24_240.jpg,IMG/right_2026_01_05_19_44_24_240.jpg,-1.0,1.0,0.0,3.711722e-05
IMG/center_2026_01_05_19_44_24_349.jpg,IMG/left_2026_01_05_19_44_24_349.jpg,IMG/right_2026_01_05_19_44_24_349.jpg,-1.0,1.0,0.0,4.239655e-05
IMG/center_2026_01_05_19_44_24_455.jpg,IMG/left_2026_01_05_19_44_24_455.jpg,IMG/right_2026_01_05_19_44_24_455.jpg,-0.708199,1.0,0.0,3.777928e-05
IMG/center_2026_01_05_19_44_24_558.jpg,IMG/left_2026_01_05_19_44_24_558.jpg,IMG/right_2026_01_05_19_44_24_558.jpg,-0.4066646,1.0,0.0,4.639529e-05
IMG/center_2026_01_05_19_44_24_664.jpg,IMG/left_2026_01_05_19_44_24_664.jpg,IMG/right_2026_01_05_19_44_24_664.jpg,-0.05343831,1.0,0.0,4.938779e-05
IMG/center_2026_01_05_19_44_24_768.jpg,IMG/left_2026_01_05_19_44_24_768.jpg,IMG/right_2026_01_05_19_44_24_768.jpg,0.0,1.0,0.0,3.965465e-05
IMG/center_2026_01_05_19_44_24_871.jpg,IMG/left_2026_01_05_19_44_24_871.jpg,IMG/right_2026_01_05_19_44_24_871.jpg,0.0,0.9572461,0.0,4.222941e-05
IMG/center_2026_01_05_19_44_24_978.jpg,IMG/left_2026_01_05_19_44_24_978.jpg,IMG/right_2026_01_05_19_44_24_978.jpg,0.0,0.6583576,0.0,3.711599e-05
IMG/center_2026_01_05_19_44_25_087.jpg,IMG/left_2026_01_05_19_44_25_087.jpg,IMG/right_2026_01_05_19_44_25_087.jpg,0.0,0.288784,0.0,4.238791e-05
IMG/center_2026_01_05_19_44_25_187.jpg,IMG/left_2026_01_05_19_44_25_187.jpg,IMG/right_2026_01_05_19_44_25_187.jpg,0.0,0.0,0.0,4.80064e-05
IMG/center_2026_01_05_19_44_25_291.jpg,IMG/left_2026_01_05_19_44_25_291.jpg,IMG/right_2026_01_05_19_44_25_291.jpg,0.0,0.0,0.0,4.639004e-05
IMG/center_2026_01_05_19_44_25_393.jpg,IMG/left_2026_01_05_19_44_25_393.jpg,IMG/right_2026_01_05_19_44_25_393.jpg,0.0,0.0,0.0,4.220276e-05
IMG/center_2026_01_05_19_44_25_492.jpg,IMG/left_2026_01_05_19_44_25_492.jpg,IMG/right_2026_01_05_19_44_25_492.jpg,0.0,0.0,0.0,4.994324e-05
IMG/center_2026_01_05_19_44_25_597.jpg,IMG/left_2026_01_05_19_44_25_597.jpg,IMG/right_2026_01_05_19_44_25_597.jpg,0.0,0.0,0.0,2.809589e-05
IMG/center_2026_01_05_19_44_25_702.jpg,IMG/left_2026_01_05_19_44_25_702.jpg,IMG/right_2026_01_05_19_44_25_702.jpg,0.0,0.0,0.0,3.743514e-05
IMG/center_2026_01_05_19_44_25_804.jpg,IMG/left_2026_01_05_19_44_25_804.jpg,IMG/right_2026_01_05_19_44_25_804.jpg,0.0,0.0,0.0,3.125182e-05
IMG/center_2026_01_05_19_44_25_904.jpg,IMG/left_2026_01_05_19_44_25_904.jpg,IMG/right_2026_01_05_19_44_25_904.jpg,0.0,0.0,0.0,6.691926e-05
IMG/center_2026_01_05_19_44_26_006.jpg,IMG/left_2026_01_05_19_44_26_006.jpg,IMG/right_2026_01_05_19_44_26_006.jpg,0.0,0.0,0.0,3.746986e-05
IMG/center_2026_01_05_19_44_26_111.jpg,IMG/left_2026_01_05_19_44_26_111.jpg,IMG/right_2026_01_05_19_44_26_111.jpg,0.0,0.0,0.0,3.679854e-05
IMG/center_2026_01_05_19_44_26_218.jpg,IMG/left_2026_01_05_19_44_26_218.jpg,IMG/right_2026_01_05_19_44_26_218.jpg,0.0,0.0,0.0,4.881042e-05
IMG/center_2026_01_05_19_44_26_324.jpg,IMG/left_2026_01_05_19_44_26_324.jpg,IMG/right_2026_01_05_19_44_26_324.jpg,0.0,0.0,0.0,4.993888e-05
IMG/center_2026_01_05_19_44_26_424.jpg,IMG/left_2026_01_05_19_44_26_424.jpg,IMG/right_2026_01_05_19_44_26_424.jpg,0.0,0.0,0.0,2.88865e-05
IMG/center_2026_01_05_19_44_26_528.jpg,IMG/left_2026_01_05_19_44_26_528.jpg,IMG/right_2026_01_05_19_44_26_528.jpg,0.0,0.0,0.0,2.80764e-05
IMG/center_2026_01_05_19_44_26_632.jpg,IMG/left_2026_01_05_19_44_26_632.jpg,IMG/right_2026_01_05_19_44_26_632.jpg,0.0,0.0,0.0,4.766369e-05
IMG/center_2026_01_05_19_44_26_736.jpg,IMG/left_2026_01_05_19_44_26_736.jpg,IMG/right_2026_01_05_19_44_26_736.jpg,0.0,0.0,0.0,3.749294e-05
IMG/center_2026_01_05_19_44_26_839.jpg,IMG/left_2026_01_05_19_44_26_839.jpg,IMG/right_2026_01_05_19_44_26_839.jpg,0.0,0.0,0.0,4.898854e-05
IMG/center_2026_01_05_19_44_26_944.jpg,IMG/left_2026_01_05_19_44_26_944.jpg,IMG/right_2026_01_05_19_44_26_944.jpg,0.0,0.0,0.0,4.239692e-05
IMG/center_2026_01_05_19_44_27_050.jpg,IMG/left_2026_01_05_19_44_27_050.jpg,IMG/right_2026_01_05_19_44_27_050.jpg,0.0,0.0,0.0,4.304173e-05
IMG/center_2026_01_05_19_44_27_156.jpg,IMG/left_2026_01_05_19_44_27_156.jpg,IMG/right_2026_01_05_19_44_27_156.jpg,0.0,0.0,0.0,3.746536e-05
IMG/center_2026_01_05_19_44_27_259.jpg,IMG/left_2026_01_05_19_44_27_259.jpg,IMG/right_2026_01_05_19_44_27_259.jpg,0.0,0.0,0.0,4.639963e-05
IMG/center_2026_01_05_19_44_27_367.jpg,IMG/left_2026_01_05_19_44_27_367.jpg,IMG/right_2026_01_05_19_44_27_367.jpg,0.0,0.0,0.0,5.056622e-05
IMG/center_2026_01_05_19_44_27_471.jpg,IMG/left_2026_01_05_19_44_27_471.jpg,IMG/right_2026_01_05_19_44_27_471.jpg,0.0,0.0,0.0,3.74654e-05
IMG/center_2026_01_05_19_44_27_574.jpg,IMG/left_2026_01_05_19_44_27_574.jpg,IMG/right_2026_01_05_19_44_27_574.jpg,0.0,0.0,0.0,4.938717e-05
IMG/center_2026_01_05_19_44_27_675.jpg,IMG/left_2026_01_05_19_44_27_675.jpg,IMG/right_2026_01_05_19_44_27_675.jpg,0.0,0.0,0.0,2.543167e-05
IMG/center_2026_01_05_19_44_27_780.jpg,IMG/left_2026_01_05_19_44_27_780.jpg,IMG/right_2026_01_05_19_44_27_780.jpg,0.0,0.0,0.0,3.74362e-05
IMG/center_2026_01_05_19_44_27_883.jpg,IMG/left_2026_01_05_19_44_27_883.jpg,IMG/right_2026_01_05_19_44_27_883.jpg,0.0,0.0,0.0,4.991833e-05
IMG/center_2026_01_05_19_44_27_993.jpg,IMG/left_2026_01_05_19_44_27_993.jpg,IMG/right_2026_01_05_19_44_27_993.jpg,0.0,0.0,0.0,4.861961e-05
IMG/center_2026_01_05_19_44_28_094.jpg,IMG/left_2026_01_05_19_44_28_094.jpg,IMG/right_2026_01_05_19_44_28_094.jpg,0.0,0.0,0.0,3.743435e-05
IMG/center_2026_01_05_19_44_28_196.jpg,IMG/left_2026_01_05_19_44_28_196.jpg,IMG/right_2026_01_05_19_44_28_196.jpg,0.0,0.0,0.0,4.605334e-05
IMG/center_2026_01_05_19_44_28_301.jpg,IMG/left_2026_01_05_19_44_28_301.jpg,IMG/right_2026_01_05_19_44_28_301.jpg,0.0,0.0,0.3132552,4.061212e-05
IMG/center_2026_01_05_19_44_28_401.jpg,IMG/left_2026_01_05_19_44_28_401.jpg,IMG/right_2026_01_05_19_44_28_401.jpg,0.0,0.0,0.6143553,2.610369e-05
IMG/center_2026_01_05_19_44_28_510.jpg,IMG/left_2026_01_05_19_44_28_510.jpg,IMG/right_2026_01_05_19_44_28_510.jpg,0.0,0.0,0.9772124,3.743494e-05
IMG/center_2026_01_05_19_44_28_610.jpg,IMG/left_2026_01_05_19_44_28_610.jpg,IMG/right_2026_01_05_19_44_28_610.jpg,0.0,0.0,1.0,4.938376e-05
IMG/center_2026_01_05_19_44_28_711.jpg,IMG/left_2026_01_05_19_44_28_711.jpg,IMG/right_2026_01_05_19_44_28_711.jpg,0.0,0.0,1.0,4.444017e-05
IMG/center_2026_01_05_19_44_28_812.jpg,IMG/left_2026_01_05_19_44_28_812.jpg,IMG/right_2026_01_05_19_44_28_812.jpg,0.0,0.0,1.0,0.0002088743
IMG/center_2026_01_05_19_44_28_914.jpg,IMG/left_2026_01_05_19_44_28_914.jpg,IMG/right_2026_01_05_19_44_28_914.jpg,0.0,0.0,0.9476809,3.782058e-05
IMG/center_2026_01_05_19_44_29_017.jpg,IMG/left_2026_01_05_19_44_29_017.jpg,IMG/right_2026_01_05_19_44_29_017.jpg,0.0,0.0,0.656104,3.744173e-05
IMG/center_2026_01_05_19_44_29_118.jpg,IMG/left_2026_01_05_19_44_29_118.jpg,IMG/right_2026_01_05_19_44_29_118.jpg,0.0,0.0,0.3485788,4.223394e-05
IMG/center_2026_01_05_19_44_29_221.jpg,IMG/left_2026_01_05_19_44_29_221.jpg,IMG/right_2026_01_05_19_44_29_221.jpg,0.0,0.0,0.05569934,0.0001507524
IMG/center_2026_01_05_19_44_29_327.jpg,IMG/left_2026_01_05_19_44_29_327.jpg,IMG/right_2026_01_05_19_44_29_327.jpg,0.3184992,0.0,0.0,4.224138e-05
IMG/center_2026_01_05_19_44_29_429.jpg,IMG/left_2026_01_05_19_44_29_429.jpg,IMG/right_2026_01_05_19_44_29_429.jpg,0.6058112,0.0,0.0,4.610575e-05
IMG/center_2026_01_05_19_44_29_531.jpg,IMG/left_2026_01_05_19_44_29_531.jpg,IMG/right_2026_01_05_19_44_29_531.jpg,0.9086337,0.0,0.0,5.555083e-05
IMG/center_2026_01_05_19_44_29_634.jpg,IMG/left_2026_01_05_19_44_29_634.jpg,IMG/right_2026_01_05_19_44_29_634.jpg,1.0,0.0,0.0,2.965048e-05
IMG/center_2026_01_05_19_44_29_735.jpg,IMG/left_2026_01_05_19_44_29_735.jpg,IMG/right_2026_01_05_19_44_29_735.jpg,1.0,0.0,0.0,4.080237e-05
IMG/center_2026_01_05_19_44_29_837.jpg,IMG/left_2026_01_05_19_44_29_837.jpg,IMG/right_2026_01_05_19_44_29_837.jpg,1.0,0.0,0.0,4.086676e-05
IMG/center_2026_01_05_19_44_29_938.jpg,IMG/left_2026_01_05_19_44_29_938.jpg,IMG/right_2026_01_05_19_44_29_938.jpg,0.7361013,0.0,0.0,2.538529e-05
IMG/center_2026_01_05_19_44_30_039.jpg,IMG/left_2026_01_05_19_44_30_039.jpg,IMG/right_2026_01_05_19_44_30_039.jpg,0.4348428,0.200649,0.0,3.765529e-05
IMG/center_2026_01_05_19_44_30_141.jpg,IMG/left_2026_01_05_19_44_30_141.jpg,IMG/right_2026_01_05_19_44_30_141.jpg,0.1288212,0.5066706,0.0,5.056568e-05
IMG/center_2026_01_05_19_44_30_243.jpg,IMG/left_2026_01_05_19_44_30_243.jpg,IMG/right_2026_01_05_19_44_30_243.jpg,0.0,0.8529739,0.0,4.597735e-05
IMG/center_2026_01_05_19_44_30_351.jpg,IMG/left_2026_01_05_19_44_30_351.jpg,IMG/right_2026_01_05_19_44_30_351.jpg,0.0,1.0,0.0,4.448091e-05
IMG/center_2026_01_05_19_44_30_456.jpg,IMG/left_2026_01_05_19_44_30_456.jpg,IMG/right_2026_01_05_19_44_30_456.jpg,0.0,1.0,0.0,4.546299e-05
IMG/center_2026_01_05_19_44_30_563.jpg,IMG/left_2026_01_05_19_44_30_563.jpg,IMG/right_2026_01_05_19_44_30_563.jpg,0.0,0.8934565,0.0,3.749455e-05
IMG/center_2026_01_05_19_44_30_665.jpg,IMG/left_2026_01_05_19_44_30_665.jpg,IMG/right_2026_01_05_19_44_30_665.jpg,0.0,0.5886341,0.0,3.104738e-05
IMG/center_2026_01_05_19_44_30_766.jpg,IMG/left_2026_01_05_19_44_30_766.jpg,IMG/right_2026_01_05_19_44_30_766.jpg,0.0,0.2860762,0.0,4.220485e-05
IMG/center_2026_01_05_19_44_30_869.jpg,IMG/left_2026_01_05_19_44_30_869.jpg,IMG/right_2026_01_05_19_44_30_869.jpg,0.222906,0.0,0.0,3.479046e-05
IMG/center_2026_01_05_19_44_30_974.jpg,IMG/left_2026_01_05_19_44_30_974.jpg,IMG/right_2026_01_05_19_44_30_974.jpg,0.5160784,0.0,0.0,3.749966e-05
IMG/center_2026_01_05_19_44_31_078.jpg,IMG/left_2026_01_05_19_44_31_078.jpg,IMG/right_2026_01_05_19_44_31_078.jpg,0.8128893,0.0,0.0,4.965821e-05
IMG/center_2026_01_05_19_44_31_181.jpg,IMG/left_2026_01_05_19_44_31_181.jpg,IMG/right_2026_01_05_19_44_31_181.jpg,1.0,0.0,0.0,3.336443e-05
IMG/center_2026_01_05_19_44_31_281.jpg,IMG/left_2026_01_05_19_44_31_281.jpg,IMG/right_2026_01_05_19_44_31_281.jpg,1.0,0.08020499,0.0,3.743701e-05
IMG/center_2026_01_05_19_44_31_386.jpg,IMG/left_2026_01_05_19_44_31_386.jpg,IMG/right_2026_01_05_19_44_31_386.jpg,1.0,0.08020499,0.0,3.107002e-05
IMG/center_2026_01_05_19_44_31_494.jpg,IMG/left_2026_01_05_19_44_31_494.jpg,IMG/right_2026_01_05_19_44_31_494.jpg,-0.2507991,0.08020499,0.0,3.671188e-05
IMG/center_2026_01_05_19_44_31_600.jpg,IMG/left_2026_01_05_19_44_31_600.jpg,IMG/right_2026_01_05_19_44_31_600.jpg,-0.5619177,0.08020499,0.0,4.748394e-05
IMG/center_2026_01_05_19_44_31_706.jpg,IMG/left_2026_01_05_19_44_31_706.jpg,IMG/right_2026_01_05_19_44_31_706.jpg,-0.9143636,0.08020499,0.0,0.0001507641
IMG/center_2026_01_05_19_44_31_807.jpg,IMG/left_2026_01_05_19_44_31_807.jpg,IMG/right_2026_01_05_19_44_31_807.jpg,-1.0,0.08020499,0.0,4.819884e-05
IMG/center_2026_01_05_19_44_31_908.jpg,IMG/left_2026_01_05_19_44_31_908.jpg,IMG/right_2026_01_05_19_44_31_908.jpg,-1.0,0.08020499,0.0,3.703786e-05
IMG/center_2026_01_05_19_44_32_013.jpg,IMG/left_2026_01_05_19_44_32_013.jpg,IMG/right_2026_01_05_19_44_32_013.jpg,-1.0,0.3274362,0.0,4.993862e-05
IMG/center_2026_01_05_19_44_32_122.jpg,IMG/left_2026_01_05_19_44_32_122.jpg,IMG/right_2026_01_05_19_44_32_122.jpg,-1.0,0.2164173,0.0,0.000204558
IMG/center_2026_01_05_19_44_32_222.jpg,IMG/left_2026_01_05_19_44_32_222.jpg,IMG/right_2026_01_05_19_44_32_222.jpg,-0.7556555,0.0,0.0,4.224568e-05
IMG/center_2026_01_05_19_44_32_328.jpg,IMG/left_2026_01_05_19_44_32_328.jpg,IMG/right_2026_01_05_19_44_32_328.jpg,-0.3842317,0.0,0.0,4.4477e-05
IMG/center_2026_01_05_19_44_32_433.jpg,IMG/left_2026_01_05_19_44_32_433.jpg,IMG/right_2026_01_05_19_44_32_433.jpg,-0.08457699,0.0,0.0,2.753947e-05
IMG/center_2026_01_05_19_44_32_534.jpg,IMG/left_2026_01_05_19_44_32_534.jpg,IMG/right_2026_01_05_19_44_32_534.jpg,0.0,0.0,0.0,4.756283e-05
IMG/center_2026_01_05_19_44_32_636.jpg,IMG/left_2026_01_05_19_44_32_636.jpg,IMG/right_2026_01_05_19_44_32_636.jpg,0.0,0.0,0.0,5.05647e-05
IMG/center_2026_01_05_19_44_32_736.jpg,IMG/left_2026_01_05_19_44_32_736.jpg,IMG/right_2026_01_05_19_44_32_736.jpg,0.0,0.0,0.0,3.336405e-05
IMG/center_2026_01_05_19_44_32_838.jpg,IMG/left_2026_01_05_19_44_32_838.jpg,IMG/right_2026_01_05_19_44_32_838.jpg,0.0,0.0,0.0,3.744205e-05
IMG/center_2026_01_05_19_44_32_944.jpg,IMG/left_2026_01_05_19_44_32_944.jpg,IMG/right_2026_01_05_19_44_32_944.jpg,0.0,0.0,0.0,3.106825e-05
IMG/center_2026_01_05_19_44_33_045.jpg,IMG/left_2026_01_05_19_44_33_045.jpg,IMG/right_2026_01_05_19_44_33_045.jpg,0.0,0.0,0.0,5.942427e-05
IMG/center_2026_01_05_19_44_33_149.jpg,IMG/left_2026_01_05_19_44_33_149.jpg,IMG/right_2026_01_05_19_44_33_149.jpg,0.0,0.0,0.0,4.223718e-05
IMG/center_2026_01_05_19_44_33_251.jpg,IMG/left_2026_01_05_19_44_33_251.jpg,IMG/right_2026_01_05_19_44_33_251.jpg,0.0,0.0,0.0,0.0001482932
IMG/center_2026_01_05_19_44_33_356.jpg,IMG/left_2026_01_05_19_44_33_356.jpg,IMG/right_2026_01_05_19_44_33_356.jpg,0.0,0.0,0.0,3.791806e-05
IMG/center_2026_01_05_19_44_33_463.jpg,IMG/left_2026_01_05_19_44_33_463.jpg,IMG/right_2026_01_05_19_44_33_463.jpg,0.0,0.0,0.0,4.755836e-05
IMG/center_2026_01_05_19_44_33_568.jpg,IMG/left_2026_01_05_19_44_33_568.jpg,IMG/right_2026_01_05_19_44_33_568.jpg,0.0,0.0,0.0,4.444791e-05
IMG/center_2026_01_05_19_44_33_669.jpg,IMG/left_2026_01_05_19_44_33_669.jpg,IMG/right_2026_01_05_19_44_33_669.jpg,0.0,0.0,0.0,4.638527e-05
IMG/center_2026_01_05_19_44_33_769.jpg,IMG/left_2026_01_05_19_44_33_769.jpg,IMG/right_2026_01_05_19_44_33_769.jpg,0.0,0.0,0.0,4.447628e-05
IMG/center_2026_01_05_19_44_33_873.jpg,IMG/left_2026_01_05_19_44_33_873.jpg,IMG/right_2026_01_05_19_44_33_873.jpg,0.0,0.0,0.0,2.624831e-05
IMG/center_2026_01_05_19_44_33_975.jpg,IMG/left_2026_01_05_19_44_33_975.jpg,IMG/right_2026_01_05_19_44_33_975.jpg,0.0,0.0,0.0,3.765431e-05
IMG/center_2026_01_05_19_44_34_075.jpg,IMG/left_2026_01_05_19_44_34_075.jpg,IMG/right_2026_01_05_19_44_34_075.jpg,0.0,0.0,0.0,5.056738e-05
IMG/center_2026_01_05_19_44_34_180.jpg,IMG/left_2026_01_05_19_44_34_180.jpg,IMG/right_2026_01_05_19_44_34_180.jpg,0.0,0.0,0.0,3.335984e-05
IMG/center_2026_01_05_19_44_34_282.jpg,IMG/left_2026_01_05_19_44_34_282.jpg,IMG/right_2026_01_05_19_44_34_282.jpg,0.0,0.0,0.0,3.223416e-05
IMG/center_2026_01_05_19_44_34_384.jpg,IMG/left_2026_01_05_19_44_34_384.jpg,IMG/right_2026_01_05_19_44_34_384.jpg,0.0,0.0,0.0,4.447825e-05
IMG/center_2026_01_05_19_44_34_495.jpg,IMG/left_2026_01_05_19_44_34_495.jpg,IMG/right_2026_01_05_19_44_34_495.jpg,0.0,0.0,0.0,3.924836e-05
IMG/center_2026_01_05_19_44_34_595.jpg,IMG/left_2026_01_05_19_44_34_595.jpg,IMG/right_2026_01_05_19_44_34_595.jpg,0.0,0.0,0.0,4.438579e-05
IMG/center_2026_01_05_19_44_34_695.jpg,IMG/left_2026_01_05_19_44_34_695.jpg,IMG/right_2026_01_05_19_44_34_695.jpg,0.0,0.0,0.0,0.0001506783
IMG/center_2026_01_05_19_44_34_801.jpg,IMG/left_2026_01_05_19_44_34_801.jpg,IMG/right_2026_01_05_19_44_34_801.jpg,0.0,0.0,0.0,4.75501e-05
IMG/center_2026_01_05_19_44_34_905.jpg,IMG/left_2026_01_05_19_44_34_905.jpg,IMG/right_2026_01_05_19_44_34_905.jpg,0.0,0.0,0.0,4.993417e-05
