C:\Users\eljes\Downloads\simulator-windows-64\IMG\center_2026_09_01_10_34_06_601.jpg, C:\Users\eljes\Downloads\simulator-windows-64\IMG\left_2026_09_01_10_34_06_601.jpg, C:\Users\eljes\Downloads\simulator-windows-64\IMG\right_2026_09_01_10_34_06_601.jpg, 0, 0, 0, 0.0004452634
C:\Users\eljes\Downloads\simulator-windows-64\IMG\center_2026_09_01_10_34_06_703.jpg, C:\Users\eljes\Downloads\simulator-windows-64\IMG\left_2026_09_01_10_34_06_703.jpg, C:\Users\eljes\Downloads\simulator-windows-64\IMG\right_2026_09_01_10_34_06_703.jpg, 0, 0, 0, 0.0004459147
C:\Users\eljes\Downloads\simulator-windows-64\IMG\center_2026_09_01_10_34_06_804.jpg, C:\Users\eljes\Downloads\simulator-windows-64\IMG\left_2026_09_01_10_34_06_804.jpg, C:\Users\eljes\Downloads\simulator-windows-64\IMG\right_2026_09_01_10_34_06_804.jpg, 0, 0, 0, 0.0004466224
C:\Users\eljes\Downloads\simulator-windows-64\IMG\center_2026_09_01_10_34_06_909.jpg, C:\Users\eljes\Downloads\simulator-windows-64\IMG\left_2026_09_01_10_34_06_909.jpg, C:\Users\eljes\Downloads\simulator-windows-64\IMG\right_2026_09_01_10_34_06_909.jpg, 0, 0, 0, 0.0004458053
C:\Users\eljes\Downloads\simulator-windows-64\IMG\center_2026_09_01_10_34_07_018.jpg, C:\Users\eljes\Downloads\simulator-windows-64\IMG\left_2026_09_01_10_34_07_018.jpg, C:\Users\eljes\Downloads\simulator-windows-64\IMG\right_2026_09_01_10_34_07_018.jpg, 0, 0, 0, 0.0004463651
C:\Users\eljes\Downloads\simulator-windows-64\IMG\center_2026_09_01_10_34_07_121.jpg, C:\Users\eljes\Downloads\simulator-windows-64\IMG\left_2026_09_01_10_34_07_121.jpg, C:\Users\eljes\Downloads\simulator-windows-64\IMG\right_2026_09_01_10_34_07_121.jpg, 0, 0, 0, 0.0004463693
C:\Users\eljes\Downloads\simulator-windows-64\IMG\center_2026_09_01_10_34_07_228.jpg, C:\Users\eljes\Downloads\simulator-windows-64\IMG\left_2026_09_01_10_34_07_228.jpg, C:\Users\eljes\Downloads\simulator-windows-64\IMG\right_2026_09_01_10_34_07_228.jpg, 0, 0, 0, 0.0004464127
C:\Users\eljes\Downloads\simulator-windows-64\IMG\center_2026_09_01_10_34_07_332.jpg, C:\Users\eljes\Downloads\simulator-windows-64\IMG\left_2026_09_01_10_34_07_332.jpg, C:\Users\eljes\Downloads\simulator-windows-64\IMG\right_2026_09_01_10_34_07_332.jpg, 0, 0, 0, 0.000445204
C:\Users\eljes\Downloads\simulator-windows-64\IMG\center_2026_09_01_10_34_07_439.jpg, C:\Users\eljes\Downloads\simulator-windows-64\IMG\left_2026_09_01_10_34_07_439.jpg, C:\Users\eljes\Downloads\simulator-windows-64\IMG\right_2026_09_01_10_34_07_439.jpg, 0, 0, 0, 0.0004457053
C:\Users\eljes\Downloads\simulator-windows-64\IMG\center_2026_09_01_10_34_07_543.jpg, C:\Users\eljes\Downloads\simulator-windows-64\IMG\left_2026_09_01_10_34_07_543.jpg, C:\Users\eljes\Downloads\simulator-windows-64\IMG\right_2026_09_01_10_34_07_543.jpg, 0, 0, 0, 0.0004457093
C:\Users\eljes\Downloads\simulator-windows-64\IMG\center_2026_09_01_10_34_07_651.jpg, C:\Users\eljes\Downloads\simulator-windows-64\IMG\left_2026_09_01_10_34_07_651.jpg, C:\Users\eljes\Downloads\simulator-windows-64\IMG\right_2026_09_01_10_34_07_651.jpg, 0, 0, 0, 0.0004457746
C:\Users\eljes\Downloads\simulator-windows-64\IMG\center_2026_09_01_10_34_07_759.jpg, C:\Users\eljes\Downloads\simulator-windows-64\IMG\left_2026_09_01_10_34_07_759.jpg, C:\Users\eljes\Downloads\simulator-windows-64\IMG\right_2026_09_01_10_34_07_759.jpg, 0, 0, 0, 0.0004456141
C:\Users\eljes\Downloads\simulator-windows-64\IMG\center_2026_09_01_10_34_07_865.jpg, C:\Users\eljes\Downloads\simulator-windows-64\IMG\left_2026_09_01_10_34_07_865.jpg, C:\Users\eljes\Downloads\simulator-windows-64\IMG\right_2026_09_01_10_34_07_865.jpg, 0, 0, 0, 0.0004464209
C:\Users\eljes\Downloads\simulator-windows-64\IMG\center_2026_09_01_10_34_07_974.jpg, C:\Users\eljes\Downloads\simulator-windows-64\IMG\left_2026_09_01_10_34_07_974.jpg, C:\Users\eljes\Downloads\simulator-windows-64\IMG\right_2026_09_01_10_34_07_974.jpg, 0, 0, 0, 0.0004460524
C:\Users\eljes\Downloads\simulator-windows-64\IMG\center_2026_09_01_10_34_08_075.jpg, C:\Users\eljes\Downloads\simulator-windows-64\IMG\left_2026_09_01_10_34_08_075.jpg, C:\Users\eljes\Downloads\simulator-windows-64\IMG\right_2026_09_01_10_34_08_075.jpg, 0, 0, 0, 0.0004455793
C:\Users\eljes\Downloads\simulator-windows-64\IMG\center_2026_09_01_10_34_08_181.jpg, C:\Users\eljes\Downloads\simulator-windows-64\IMG\left_2026_09_01_10_34_08_181.jpg, C:\Users\eljes\Downloads\simulator-windows-64\IMG\right_2026_09_01_10_34_08_181.jpg, 0, 0, 0, 0.0004469721
C:\Users\eljes\Downloads\simulator-windows-64\IMG\center_2026_09_01_10_34_08_286.jpg, C:\Users\eljes\Downloads\simulator-windows-64\IMG\left_2026_09_01_10_34_08_286.jpg, C:\Users\eljes\Downloads\simulator-windows-64\IMG\right_2026_09_01_10_34_08_286.jpg, 0, 0, 0, 0.0004456031
C:\Users\eljes\Downloads\simulator-windows-64\IMG\center_2026_09_01_10_34_08_391.jpg, C:\Users\eljes\Downloads\simulator-windows-64\IMG\left_2026_09_01_10_34_08_391.jpg, C:\Users\eljes\Downloads\simulator-windows-64\IMG\right_2026_09_01_10_34_08_391.jpg, 0, 0, 0, 0.0004452806
C:\Users\eljes\Downloads\simulator-windows-64\IMG\center_2026_09_01_10_34_08_496.jpg, C:\Users\eljes\Downloads\simulator-windows-64\IMG\left_2026_09_01_10_34_08_496.jpg, C:\Users\eljes\Downloads\simulator-windows-64\IMG\right_2026_09_01_10_34_08_496.jpg, 0, 0, 0, 0.0004448919
C:\Users\eljes\Downloads\simulator-windows-64\IMG\center_2026_09_01_10_34_08_598.jpg, C:\Users\eljes\Downloads\simulator-windows-64\IMG\left_2026_09_01_10_34_08_598.jpg, C:\Users\eljes\Downloads\simulator-windows-64\IMG\right_2026_09_01_10_34_08_598.jpg, 0, 0, 0, 0.0004487573
C:\Users\eljes\Downloads\simulator-windows-64\IMG\center_2026_09_01_10_34_08_703.jpg, C:\Users\eljes\Downloads\simulator-windows-64\IMG\left_2026_09_01_10_34_08_703.jpg, C:\Users\eljes\Downloads\simulator-windows-64\IMG\right_2026_09_01_10_34_08_703.jpg, 0, 0, 0, 0.0004464276
C:\Users\eljes\Downloads\simulator-windows-64\IMG\center_2026_09_01_10_34_08_805.jpg, C:\Users\eljes\Downloads\simulator-windows-64\IMG\left_2026_09_01_10_34_08_805.jpg, C:\Users\eljes\Downloads\simulator-windows-64\IMG\right_2026_09_01_10_34_08_805.jpg, 0, 0, 0, 0.0004465691
C:\Users\eljes\Downloads\simulator-windows-64\IMG\center_2026_09_01_10_34_08_908.jpg, C:\Users\eljes\Downloads\simulator-windows-64\IMG\left_2026_09_01_10_34_08_908.jpg, C:\Users\eljes\Downloads\simulator-windows-64\IMG\right_2026_09_01_10_34_08_908.jpg, 0, 0.1264101, 0, 0.04980038
C:\Users\eljes\Downloads\simulator-windows-64\IMG\center_2026_09_01_10_34_09_013.jpg, C:\Users\eljes\Downloads\simulator-windows-64\IMG\left_2026_09_01_10_34_09_013.jpg, C:\Users\eljes\Downloads\simulator-windows-64\IMG\right_2026_09_01_10_34_09_013.jpg, 0, 0.06394501, 0, 0.2383061
C:\Users\eljes\Downloads\simulator-windows-64\IMG\center_2026_09_01_10_34_09_120.jpg, C:\Users\eljes\Downloads\simulator-windows-64\IMG\left_2026_09_01_10_34_09_120.jpg, C:\Users\eljes\Downloads\simulator-windows-64\IMG\right_2026_09_01_10_34_09_120.jpg, 0, 0, 0, 0.2614064
C:\Users\eljes\Downloads\simulator-windows-64\IMG\center_2026_09_01_10_34_09_226.jpg, C:\Users\eljes\Downloads\simulator-windows-64\IMG\left_2026_09_01_10_34_09_226.jpg, C:\Users\eljes\Downloads\simulator-windows-64\IMG\right_2026_09_01_10_34_09_226.jpg, 0, 0, 0, 0.2615282
C:\Users\eljes\Downloads\simulator-windows-64\IMG\center_2026_09_01_10_34_09_327.jpg, C:\Users\eljes\Downloads\simulator-windows-64\IMG\left_2026_09_01_10_34_09_327.jpg, C:\Users\eljes\Downloads\simulator-windows-64\IMG\right_2026_09_01_10_34_09_327.jpg, 0, 0, 0, 0.2616472
C:\Users\eljes\Downloads\simulator-windows-64\IMG\center_2026_09_01_10_34_09_434.jpg, C:\Users\eljes\Downloads\simulator-windows-64\IMG\left_2026_09_01_10_34_09_434.jpg, C:\Users\eljes\Downloads\simulator-windows-64\IMG\right_2026_09_01_10_34_09_434.jpg, 0, 0, 0, 0.2617631
C:\Users\eljes\Downloads\simulator-windows-64\IMG\center_2026_09_01_10_34_09_540.jpg, C:\Users\eljes\Downloads\simulator-windows-64\IMG\left_2026_09_01_10_34_09_540.jpg, C:\Users\eljes\Downloads\simulator-windows-64\IMG\right_2026_09_01_10_34_09_540.jpg, 0, 0, 0, 0.2618979
C:\Users\eljes\Downloads\simulator-windows-64\IMG\center_2026_09_01_10_34_09_640.jpg, C:\Users\eljes\Downloads\simulator-windows-64\IMG\left_2026_09_01_10_34_09_640.jpg, C:\Users\eljes\Downloads\simulator-windows-64\IMG\right_2026_09_01_10_34_09_640.jpg, 0, 0, 0, 0.2620067
C:\Users\eljes\Downloads\simulator-windows-64\IMG\center_2026_09_01_10_34_09_742.jpg, C:\Users\eljes\Downloads\simulator-windows-64\IMG\left_2026_09_01_10_34_09_742.jpg, C:\Users\eljes\Downloads\simulator-windows-64\IMG\right_2026_09_01_10_34_09_742.jpg, 0, 0, 0, 0.2621123
C:\Users\eljes\Downloads\simulator-windows-64\IMG\center_2026_09_01_10_34_09_846.jpg, C:\Users\eljes\Downloads\simulator-windows-64\IMG\left_2026_09_01_10_34_09_846.jpg, C:\Users\eljes\Downloads\simulator-windows-64\IMG\right_2026_09_01_10_34_09_846.jpg, 0, 0, 0, 0.2622148
C:\Users\eljes\Downloads\simulator-windows-64\IMG\center_2026_09_01_10_34_09_951.jpg, C:\Users\eljes\Downloads\simulator-windows-64\IMG\left_2026_09_01_10_34_09_951.jpg, C:\Users\eljes\Downloads\simulator-windows-64\IMG\right_2026_09_01_10_34_09_951.jpg, 0, 0, 0, 0.262314
C:\Users\eljes\Downloads\simulator-windows-64\IMG\center_2026_09_01_10_34_10_054.jpg, C:\Users\eljes\Downloads\simulator-windows-64\IMG\left_2026_09_01_10_34_10_054.jpg, C:\Users\eljes\Downloads\simulator-windows-64\IMG\right_2026_09_01_10_34_10_054.jpg, 0, 0, 0, 0.001040803
C:\Users\eljes\Downloads\simulator-windows-64\IMG\center_2026_09_01_10_34_10_162.jpg, C:\Users\eljes\Downloads\simulator-windows-64\IMG\left_2026_09_01_10_34_10_162.jpg, C:\Users\eljes\Downloads\simulator-windows-64\IMG\right_2026_09_01_10_34_10_162.jpg, 0, 0, 0, 0.001220776
C:\Users\eljes\Downloads\simulator-windows-64\IMG\center_2026_09_01_10_34_10_268.jpg, C:\Users\eljes\Downloads\simulator-windows-64\IMG\left_2026_09_01_10_34_10_268.jpg, C:\Users\eljes\Downloads\simulator-windows-64\IMG\right_2026_09_01_10_34_10_268.jpg, 0, 0, 0, 0.0007470896
C:\Users\eljes\Downloads\simulator-windows-64\IMG\center_2026_09_01_10_34_10_372.jpg, C:\Users\eljes\Downloads\simulator-windows-64\IMG\left_2026_09_01_10_34_10_372.jpg, C:\Users\eljes\Downloads\simulator-windows-64\IMG\right_2026_09_01_10_34_10_372.jpg, -0.0282705, 0, 0, 0.0005050097
C:\Users\eljes\Downloads\simulator-windows-64\IMG\center_2026_09_01_10_34_10_478.jpg, C:\Users\eljes\Downloads\simulator-windows-64\IMG\left_2026_09_01_10_34_10_478.jpg, C:\Users\eljes\Downloads\simulator-windows-64\IMG\right_2026_09_01_10_34_10_478.jpg, -0.3241491, 0, 0, 0.0004874776
C:\Users\eljes\Downloads\simulator-windows-64\IMG\center_2026_09_01_10_34_10_583.jpg, C:\Users\eljes\Downloads\simulator-windows-64\IMG\left_2026_09_01_10_34_10_583.jpg, C:\Users\eljes\Downloads\simulator-windows-64\IMG\right_2026_09_01_10_34_10_583.jpg, -0.2634522, 0, 0, 0.0004826675
C:\Users\eljes\Downloads\simulator-windows-64\IMG\center_2026_09_01_10_34_10_688.jpg, C:\Users\eljes\Downloads\simulator-windows-64\IMG\left_2026_09_01_10_34_10_688.jpg, C:\Users\eljes\Downloads\simulator-windows-64\IMG\right_2026_09_01_10_34_10_688.jpg, 0, 0, 0, 0.0004465423
C:\Users\eljes\Downloads\simulator-windows-64\IMG\center_2026_09_01_10_34_10_791.jpg, C:\Users\eljes\Downloads\simulator-windows-64\IMG\left_2026_09_01_10_34_10_791.jpg, C:\Users\eljes\Downloads\simulator-windows-64\IMG\right_2026_09_01_10_34_10_791.jpg, 0, 0, 0, 0.0004462795
C:\Users\eljes\Downloads\simulator-windows-64\IMG\center_2026_09_01_10_34_10_894.jpg, C:\Users\eljes\Downloads\simulator-windows-64\IMG\left_2026_09_01_10_34_10_894.jpg, C:\Users\eljes\Downloads\simulator-windows-64\IMG\right_2026_09_01_10_34_10_894.jpg, 0, 0, 0, 0.0004454581
C:\Users\eljes\Downloads\simulator-windows-64\IMG\center_2026_09_01_10_34_11_000.jpg, C:\Users\eljes\Downloads\simulator-windows-64\IMG\left_2026_09_01_10_34_11_000.jpg, C:\Users\eljes\Downloads\simulator-windows-64\IMG\right_2026_09_01_10_34_11_000.jpg, 0, 0, 0, 0.0004455567
C:\Users\eljes\Downloads\simulator-windows-64\IMG\center_2026_09_01_10_34_11_103.jpg, C:\Users\eljes\Downloads\simulator-windows-64\IMG\left_2026_09_01_10_34_11_103.jpg, C:\Users\eljes\Downloads\simulator-windows-64\IMG\right_2026_09_01_10_34_11_103.jpg, 0, 0, 0, 0.0004458861
C:\Users\eljes\Downloads\simulator-windows-64\IMG\center_2026_09_01_10_34_11_210.jpg, C:\Users\eljes\Downloads\simulator-windows-64\IMG\left_2026_09_01_10_34_11_210.jpg, C:\Users\eljes\Downloads\simulator-windows-64\IMG\right_2026_09_01_10_34_11_210.jpg, 0, 0, 0, 0.0004456287
C:\Users\eljes\Downloads\simulator-windows-64\IMG\center_2026_09_01_10_34_11_317.jpg, C:\Users\eljes\Downloads\simulator-windows-64\IMG\left_2026_09_01_10_34_11_317.jpg, C:\Users\eljes\Downloads\simulator-windows-64\IMG\right_2026_09_01_10_34_11_317.jpg, 0, 0, 0, 0.0004461415
C:\Users\eljes\Downloads\simulator-windows-64\IMG\center_2026_09_01_10_34_11_419.jpg, C:\Users\eljes\Downloads\simulator-windows-64\IMG\left_2026_09_01_10_34_11_419.jpg, C:\Users\eljes\Downloads\simulator-windows-64\IMG\right_2026_09_01_10_34_11_419.jpg, 0, 0, 0, 0.000445439
C:\Users\eljes\Downloads\simulator-windows-64\IMG\center_2026_09_01_10_34_11_523.jpg, C:\Users\eljes\Downloads\simulator-windows-64\IMG\left_2026_09_01_10_34_11_523.jpg, C:\Users\eljes\Downloads\simulator-windows-64\IMG\right_2026_09_01_10_34_11_523.jpg, 0, 0.1947618, 0, 0.1405438
C:\Users\eljes\Downloads\simulator-windows-64\IMG\center_2026_09_01_10_34_11_628.jpg, C:\Users\eljes\Downloads\simulator-windows-64\IMG\left_2026_09_01_10_34_11_628.jpg, C:\Users\eljes\Downloads\simulator-windows-64\IMG\right_2026_09_01_10_34_11_628.jpg, 0, 0.3523827, 0, 0.4802068
C:\Users\eljes\Downloads\simulator-windows-64\IMG\center_2026_09_01_10_34_11_738.jpg, C:\Users\eljes\Downloads\simulator-windows-64\IMG\left_2026_09_01_10_34_11_738.jpg, C:\Users\eljes\Downloads\simulator-windows-64\IMG\right_2026_09_01_10_34_11_738.jpg, 0, 0.05691569, 0, 0.7509225
C:\Users\eljes\Downloads\simulator-windows-64\IMG\center_2026_09_01_10_34_11_846.jpg, C:\Users\eljes\Downloads\simulator-windows-64\IMG\left_2026_09_01_10_34_11_846.jpg, C:\Users\eljes\Downloads\simulator-windows-64\IMG\right_2026_09_01_10_34_11_846.jpg, 0, 0, 0, 0.706582
C:\Users\eljes\Downloads\simulator-windows-64\IMG\center_2026_09_01_10_34_11_950.jpg, C:\Users\eljes\Downloads\simulator-windows-64\IMG\left_2026_09_01_10_34_11_950.jpg, C:\Users\eljes\Downloads\simulator-windows-64\IMG\right_2026_09_01_10_34_11_950.jpg, 0, 0.0738951, 0, 0.7260985
C:\Users\eljes\Downloads\simulator-windows-64\IMG\center_2026_09_01_10_34_12_058.jpg, C:\Users\eljes\Downloads\simulator-windows-64\IMG\left_2026_09_01_10_34_12_058.jpg, C:\Users\eljes\Downloads\simulator-windows-64\IMG\right_2026_09_01_10_34_12_058.jpg, 0, 0.4253418, 0, 1.116274
C:\Users\eljes\Downloads\simulator-windows-64\IMG\center_2026_09_01_10_34_12_166.jpg, C:\Users\eljes\Downloads\simulator-windows-64\IMG\left_2026_09_01_10_34_12_166.jpg, C:\Users\eljes\Downloads\simulator-windows-64\IMG\right_2026_09_01_10_34_12_166.jpg, 0, 0.7459517, 0, 1.859869
C:\Users\eljes\Downloads\simulator-windows-64\IMG\center_2026_09_01_10_34_12_273.jpg, C:\Users\eljes\Downloads\simulator-windows-64\IMG\left_2026_09_01_10_34_12_273.jpg, C:\Users\eljes\Downloads\simulator-windows-64\IMG\right_2026_09_01_10_34_12_273.jpg, 0, 1, 0, 2.945207
C:\Users\eljes\Downloads\simulator-windows-64\IMG\center_2026_09_01_10_34_12_377.jpg, C:\Users\eljes\Downloads\simulator-windows-64\IMG\left_2026_09_01_10_34_12_377.jpg, C:\Users\eljes\Downloads\simulator-windows-64\IMG\right_2026_09_01_10_34_12_377.jpg, 0, 1, 0, 4.121077
C:\Users\eljes\Downloads\simulator-windows-64\IMG\center_2026_09_01_10_34_12_485.jpg, C:\Users\eljes\Downloads\simulator-windows-64\IMG\left_2026_09_01_10_34_12_485.jpg, C:\Users\eljes\Downloads\simulator-windows-64\IMG\right_2026_09_01_10_34_12_485.jpg, -0.1053774, 1, 0, 5.51578
C:\Users\eljes\Downloads\simulator-windows-64\IMG\center_2026_09_01_10_34_12_588.jpg, C:\Users\eljes\Downloads\simulator-windows-64\IMG\left_2026_09_01_10_34_12_588.jpg, C:\Users\eljes\Downloads\simulator-windows-64\IMG\right_2026_09_01_10_34_12_588.jpg, 0, 1, 0, 6.670267
C:\Users\eljes\Downloads\simulator-windows-64\IMG\center_2026_09_01_10_34_12_691.jpg, C:\Users\eljes\Downloads\simulator-windows-64\IMG\left_2026_09_01_10_34_12_691.jpg, C:\Users\eljes\Downloads\simulator-windows-64\IMG\right_2026_09_01_10_34_12_691.jpg, 0, 1, 0, 7.814198
C:\Users\eljes\Downloads\simulator-windows-64\IMG\center_2026_09_01_10_34_12_798.jpg, C:\Users\eljes\Downloads\simulator-windows-64\IMG\left_2026_09_01_10_34_12_798.jpg, C:\Users\eljes\Downloads\simulator-windows-64\IMG\right_2026_09_01_10_34_12_798.jpg, 0, 1, 0, 9.172209
C:\Users\eljes\Downloads\simulator-windows-64\IMG\center_2026_09_01_10_34_12_905.jpg, C:\Users\eljes\Downloads\simulator-windows-64\IMG\left_2026_09_01_10_34_12_905.jpg, C:\Users\eljes\Downloads\simulator-windows-64\IMG\right_2026_09_01_10_34_12_905.jpg, 0, 1, 0, 10.29172
C:\Users\eljes\Downloads\simulator-windows-64\IMG\center_2026_09_01_10_34_13_007.jpg, C:\Users\eljes\Downloads\simulator-windows-64\IMG\left_2026_09_01_10_34_13_007.jpg, C:\Users\eljes\Downloads\simulator-windows-64\IMG\right_2026_09_01_10_34_13_007.jpg, -0.1415736, 1, 0, 11.39335
C:\Users\eljes\Downloads\simulator-windows-64\IMG\center_2026_09_01_10_34_13_108.jpg, C:\Users\eljes\Downloads\simulator-windows-64\IMG\left_2026_09_01_10_34_13_108.jpg, C:\Users\eljes\Downloads\simulator-windows-64\IMG\right_2026_09_01_10_34_13_108.jpg, -0.07073787, 1, 0, 12.51704
C:\Users\eljes\Downloads\simulator-windows-64\IMG\center_2026_09_01_10_34_13_214.jpg, C:\Users\eljes\Downloads\simulator-windows-64\IMG\left_2026_09_01_10_34_13_214.jpg, C:\Users\eljes\Downloads\simulator-windows-64\IMG\right_2026_09_01_10_34_13_214.jpg, 0, 1, 0, 13.43437
C:\Users\eljes\Downloads\simulator-windows-64\IMG\center_2026_09_01_10_34_13_321.jpg, C:\Users\eljes\Downloads\simulator-windows-64\IMG\left_2026_09_01_10_34_13_321.jpg, C:\Users\eljes\Downloads\simulator-windows-64\IMG\right_2026_09_01_10_34_13_321.jpg, 0, 1, 0, 14.85504
C:\Users\eljes\Downloads\simulator-windows-64\IMG\center_2026_09_01_10_34_13_429.jpg, C:\Users\eljes\Downloads\simulator-windows-64\IMG\left_2026_09_01_10_34_13_429.jpg, C:\Users\eljes\Downloads\simulator-windows-64\IMG\right_2026_09_01_10_34_13_429.jpg, 0, 1, 0, 15.83712
C:\Users\eljes\Downloads\simulator-windows-64\IMG\center_2026_09_01_10_34_13_535.jpg, C:\Users\eljes\Downloads\simulator-windows-64\IMG\left_2026_09_01_10_34_13_535.jpg, C:\Users\eljes\Downloads\simulator-windows-64\IMG\right_2026_09_01_10_34_13_535.jpg, -0.2676762, 1, 0, 16.9938
C:\Users\eljes\Downloads\simulator-windows-64\IMG\center_2026_09_01_10_34_13_642.jpg, C:\Users\eljes\Downloads\simulator-windows-64\IMG\left_2026_09_01_10_34_13_642.jpg, C:\Users\eljes\Downloads\simulator-windows-64\IMG\right_2026_09_01_10_34_13_642.jpg, 0, 0.6533656, 0, 18.00926
C:\Users\eljes\Downloads\simulator-windows-64\IMG\center_2026_09_01_10_34_13_743.jpg, C:\Users\eljes\Downloads\simulator-windows-64\IMG\left_2026_09_01_10_34_13_743.jpg, C:\Users\eljes\Downloads\simulator-windows-64\IMG\right_2026_09_01_10_34_13_743.jpg, 0, 0.3501251, 0, 18.14773
C:\Users\eljes\Downloads\simulator-windows-64\IMG\center_2026_09_01_10_34_13_847.jpg, C:\Users\eljes\Downloads\simulator-windows-64\IMG\left_2026_09_01_10_34_13_847.jpg, C:\Users\eljes\Downloads\simulator-windows-64\IMG\right_2026_09_01_10_34_13_847.jpg, 0, 0.03953507, 0, 18.55598
C:\Users\eljes\Downloads\simulator-windows-64\IMG\center_2026_09_01_10_34_13_946.jpg, C:\Users\eljes\Downloads\simulator-windows-64\IMG\left_2026_09_01_10_34_13_946.jpg, C:\Users\eljes\Downloads\simulator-windows-64\IMG\right_2026_09_01_10_34_13_946.jpg, 0, 0, 0, 17.93085
C:\Users\eljes\Downloads\simulator-windows-64\IMG\center_2026_09_01_10_34_14_047.jpg, C:\Users\eljes\Downloads\simulator-windows-64\IMG\left_2026_09_01_10_34_14_047.jpg, C:\Users\eljes\Downloads\simulator-windows-64\IMG\right_2026_09_01_10_34_14_047.jpg, 0, 0, 0, 18.23975
C:\Users\eljes\Downloads\simulator-windows-64\IMG\center_2026_09_01_10_34_14_154.jpg, C:\Users\eljes\Downloads\simulator-windows-64\IMG\left_2026_09_01_10_34_14_154.jpg, C:\Users\eljes\Downloads\simulator-windows-64\IMG\right_2026_09_01_10_34_14_154.jpg, 0, 0, 0, 17.54291
C:\Users\eljes\Downloads\simulator-windows-64\IMG\center_2026_09_01_10_34_14_258.jpg, C:\Users\eljes\Downloads\simulator-windows-64\IMG\left_2026_09_01_10_34_14_258.jpg, C:\Users\eljes\Downloads\simulator-windows-64\IMG\right_2026_09_01_10_34_14_258.jpg, 0, 0, 0, 17.32373
C:\Users\eljes\Downloads\simulator-windows-64\IMG\center_2026_09_01_10_34_14_360.jpg, C:\Users\eljes\Downloads\simulator-windows-64\IMG\left_2026_09_01_10_34_14_360.jpg, C:\Users\eljes\Downloads\simulator-windows-64\IMG\right_2026_09_01_10_34_14_360.jpg, 0, 0, 0, 17.6724
C:\Users\eljes\Downloads\simulator-windows-64\IMG\center_2026_09_01_10_34_14_464.jpg, C:\Users\eljes\Downloads\simulator-windows-64\IMG\left_2026_09_01_10_34_14_464.jpg, C:\Users\eljes\Downloads\simulator-windows-64\IMG\right_2026_09_01_10_34_14_464.jpg, 0, 0, 0, 16.96704
C:\Users\eljes\Downloads\simulator-windows-64\IMG\center_2026_09_01_10_34_14_568.jpg, C:\Users\eljes\Downloads\simulator-windows-64\IMG\left_2026_09_01_10_34_14_568.jpg, C:\Users\eljes\Downloads\simulator-windows-64\IMG\right_2026_09_01_10_34_14_568.jpg, 0, 0, 0, 17.32767
C:\Users\eljes\Downloads\simulator-windows-64\IMG\center_2026_09_01_10_34_14_668.jpg, C:\Users\eljes\Downloads\simulator-windows-64\IMG\left_2026_09_01_10_34_14_668.jpg, C:\Users\eljes\Downloads\simulator-windows-64\IMG\right_2026_09_01_10_34_14_668.jpg, 0, 0, 0, 16.61747
C:\Users\eljes\Downloads\simulator-windows-64\IMG\center_2026_09_01_10_34_14_771.jpg, C:\Users\eljes\Downloads\simulator-windows-64\IMG\left_2026_09_01_10_34_14_771.jpg, C:\Users\eljes\Downloads\simulator-windows-64\IMG\right_2026_09_01_10_34_14_771.jpg, -0.2336598, 0, 0, 16.95111
C:\Users\eljes\Downloads\simulator-windows-64\IMG\center_2026_09_01_10_34_14_871.jpg, C:\Users\eljes\Downloads\simulator-windows-64\IMG\left_2026_09_01_10_34_14_871.jpg, C:\Users\eljes\Downloads\simulator-windows-64\IMG\right_2026_09_01_10_34_14_871.jpg, -0.3917294, 0, 0, 16.16223
C:\Users\eljes\Downloads\simulator-windows-64\IMG\center_2026_09_01_10_34_14_976.jpg, C:\Users\eljes\Downloads\simulator-windows-64\IMG\left_2026_09_01_10_34_14_976.jpg, C:\Users\eljes\Downloads\simulator-windows-64\IMG\right_2026_09_01_10_34_14_976.jpg, -0.09599631, 0, 0, 16.53827
C:\Users\eljes\Downloads\simulator-windows-64\IMG\center_2026_09_01_10_34_15_080.jpg, C:\Users\eljes\Downloads\simulator-windows-64\IMG\left_2026_09_01_10_34_15_080.jpg, C:\Users\eljes\Downloads\simulator-windows-64\IMG\right_2026_09_01_10_34_15_080.jpg, -0.1319544, 0, 0, 16.34928
C:\Users\eljes\Downloads\simulator-windows-64\IMG\center_2026_09_01_10_34_15_183.jpg, C:\Users\eljes\Downloads\simulator-windows-64\IMG\left_2026_09_01_10_34_15_183.jpg, C:\Users\eljes\Downloads\simulator-windows-64\IMG\right_2026_09_01_10_34_15_183.jpg, -0.1331442, 0, 0, 15.63313
C:\Users\eljes\Downloads\simulator-windows-64\IMG\center_2026_09_01_10_34_15_291.jpg, C:\Users\eljes\Downloads\simulator-windows-64\IMG\left_2026_09_01_10_34_15_291.jpg, C:\Users\eljes\Downloads\simulator-windows-64\IMG\right_2026_09_01_10_34_15_291.jpg, 0, 0, 0, 16.00745
C:\Users\eljes\Downloads\simulator-windows-64\IMG\center_2026_09_01_10_34_15_402.jpg, C:\Users\eljes\Downloads\simulator-windows-64\IMG\left_2026_09_01_10_34_15_402.jpg, C:\Users\eljes\Downloads\simulator-windows-64\IMG\right_2026_09_01_10_34_15_402.jpg, 0, 0, 0, 15.82192
C:\Users\eljes\Downloads\simulator-windows-64\IMG\center_2026_09_01_10_34_15_507.jpg, C:\Users\eljes\Downloads\simulator-windows-64\IMG\left_2026_09_01_10_34_15_507.jpg, C:\Users\eljes\Downloads\simulator-windows-64\IMG\right_2026_09_01_10_34_15_507.jpg, -0.2147493, 0, 0, 15.13037
C:\Users\eljes\Downloads\simulator-windows-64\IMG\center_2026_09_01_10_34_15_613.jpg, C:\Users\eljes\Downloads\simulator-windows-64\IMG\left_2026_09_01_10_34_15_613.jpg, C:\Users\eljes\Downloads\simulator-windows-64\IMG\right_2026_09_01_10_34_15_613.jpg, -0.5292844, 0, 0, 15.36645
C:\Users\eljes\Downloads\simulator-windows-64\IMG\center_2026_09_01_10_34_15_716.jpg, C:\Users\eljes\Downloads\simulator-windows-64\IMG\left_2026_09_01_10_34_15_716.jpg, C:\Users\eljes\Downloads\simulator-windows-64\IMG\right_2026_09_01_10_34_15_716.jpg, -0.2416936, 0, 0, 14.69621
C:\Users\eljes\Downloads\simulator-windows-64\IMG\center_2026_09_01_10_34_15_818.jpg, C:\Users\eljes\Downloads\simulator-windows-64\IMG\left_2026_09_01_10_34_15_818.jpg, C:\Users\eljes\Downloads\simulator-windows-64\IMG\right_2026_09_01_10_34_15_818.jpg, 0, 0, 0, 14.52118
C:\Users\eljes\Downloads\simulator-windows-64\IMG\center_2026_09_01_10_34_15_926.jpg, C:\Users\eljes\Downloads\simulator-windows-64\IMG\left_2026_09_01_10_34_15_926.jpg, C:\Users\eljes\Downloads\simulator-windows-64\IMG\right_2026_09_01_10_34_15_926.jpg, 0, 0, 0, 14.86349
C:\Users\eljes\Downloads\simulator-windows-64\IMG\center_2026_09_01_10_34_16_027.jpg, C:\Users\eljes\Downloads\simulator-windows-64\IMG\left_2026_09_01_10_34_16_027.jpg, C:\Users\eljes\Downloads\simulator-windows-64\IMG\right_2026_09_01_10_34_16_027.jpg, 0, 0, 0, 14.2098
C:\Users\eljes\Downloads\simulator-windows-64\IMG\center_2026_09_01_10_34_16_132.jpg, C:\Users\eljes\Downloads\simulator-windows-64\IMG\left_2026_09_01_10_34_16_132.jpg, C:\Users\eljes\Downloads\simulator-windows-64\IMG\right_2026_09_01_10_34_16_132.jpg, 0, 0, 0, 14.58126
C:\Users\eljes\Downloads\simulator-windows-64\IMG\center_2026_09_01_10_34_16_237.jpg, C:\Users\eljes\Downloads\simulator-windows-64\IMG\left_2026_09_01_10_34_16_237.jpg, C:\Users\eljes\Downloads\simulator-windows-64\IMG\right_2026_09_01_10_34_16_237.jpg, 0, 0, 0, 13.90921
C:\Users\eljes\Downloads\simulator-windows-64\IMG\center_2026_09_01_10_34_16_342.jpg, C:\Users\eljes\Downloads\simulator-windows-64\IMG\left_2026_09_01_10_34_16_342.jpg, C:\Users\eljes\Downloads\simulator-windows-64\IMG\right_2026_09_01_10_34_16_342.jpg, 0, 0, 0, 13.69823
C:\Users\eljes\Downloads\simulator-windows-64\IMG\center_2026_09_01_10_34_16_449.jpg, C:\Users\eljes\Downloads\simulator-windows-64\IMG\left_2026_09_01_10_34_16_449.jpg, C:\Users\eljes\Downloads\simulator-windows-64\IMG\right_2026_09_01_10_34_16_449.jpg, 0, 0, 0, 14.08307
C:\Users\eljes\Downloads\simulator-windows-64\IMG\center_2026_09_01_10_34_16_551.jpg, C:\Users\eljes\Downloads\simulator-windows-64\IMG\left_2026_09_01_10_34_16_551.jpg, C:\Users\eljes\Downloads\simulator-windows-64\IMG\right_2026_09_01_10_34_16_551.jpg, 0, 0, 0, 13.42927
C:\Users\eljes\Downloads\simulator-windows-64\IMG\center_2026_09_01_10_34_16_657.jpg, C:\Users\eljes\Downloads\simulator-windows-64\IMG\left_2026_09_01_10_34_16_657.jpg, C:\Users\eljes\Downloads\simulator-windows-64\IMG\right_2026_09_01_10_34_16_657.jpg, 0, 0, 0, 13.83383
C:\Users\eljes\Downloads\simulator-windows-64\IMG\center_2026_09_01_10_34_16_763.jpg, C:\Users\eljes\Downloads\simulator-windows-64\IMG\left_2026_09_01_10_34_16_763.jpg, C:\Users\eljes\Downloads\simulator-windows-64\IMG\right_2026_09_01_10_34_16_763.jpg, 0, 0, 0, 13.60668
C:\Users\eljes\Downloads\simulator-windows-64\IMG\center_2026_09_01_10_34_16_871.jpg, C:\Users\eljes\Downloads\simulator-windows-64\IMG\left_2026_09_01_10_34_16_871.jpg, C:\Users\eljes\Downloads\simulator-windows-64\IMG\right_2026_09_01_10_34_16_871.jpg, 0, 0, 0, 12.98528
C:\Users\eljes\Downloads\simulator-windows-64\IMG\center_2026_09_01_10_34_16_973.jpg, C:\Users\eljes\Downloads\simulator-windows-64\IMG\left_2026_09_01_10_34_16_973.jpg, C:\Users\eljes\Downloads\simulator-windows-64\IMG\right_2026_09_01_10_34_16_973.jpg, 0, 0, 0, 13.35577
C:\Users\eljes\Downloads\simulator-windows-64\IMG\center_2026_09_01_10_34_17_073.jpg, C:\Users\eljes\Downloads\simulator-windows-64\IMG\left_2026_09_01_10_34_17_073.jpg, C:\Users\eljes\Downloads\simulator-windows-64\IMG\right_2026_09_01_10_34_17_073.jpg, 0, 0, 0, 12.72487
C:\Users\eljes\Downloads\simulator-windows-64\IMG\center_2026_09_01_10_34_17_181.jpg, C:\Users\eljes\Downloads\simulator-windows-64\IMG\left_2026_09_01_10_34_17_181.jpg, C:\Users\eljes\Downloads\simulator-windows-64\IMG\right_2026_09_01_10_34_17_181.jpg, 0, 0, 0, 12.54931
C:\Users\eljes\Downloads\simulator-windows-64\IMG\center_2026_09_01_10_34_17_287.jpg, C:\Users\eljes\Downloads\simulator-windows-64\IMG\left_2026_09_01_10_34_17_287.jpg, C:\Users\eljes\Downloads\simulator-windows-64\IMG\right_2026_09_01_10_34_17_287.jpg, 0, 0, 0, 12.88178
C:\Users\eljes\Downloads\simulator-windows-64\IMG\center_2026_09_01_10_34_17_388.jpg, C:\Users\eljes\Downloads\simulator-windows-64\IMG\left_2026_09_01_10_34_17_388.jpg, C:\Users\eljes\Downloads\simulator-windows-64\IMG\right_2026_09_01_10_34_17_388.jpg, 0, 0, 0, 12.19402
C:\Users\eljes\Downloads\simulator-windows-64\IMG\center_2026_09_01_10_34_17_493.jpg, C:\Users\eljes\Downloads\simulator-windows-64\IMG\left_2026_09_01_10_34_17_493.jpg, C:\Users\eljes\Downloads\simulator-windows-64\IMG\right_2026_09_01_10_34_17_493.jpg, 0, 0, 0, 12.61774
C:\Users\eljes\Downloads\simulator-windows-64\IMG\center_2026_09_01_10_34_17_593.jpg, C:\Users\eljes\Downloads\simulator-windows-64\IMG\left_2026_09_01_10_34_17_593.jpg, C:\Users\eljes\Downloads\simulator-windows-64\IMG\right_2026_09_01_10_34_17_593.jpg, 0, 0, 0, 11.93661
C:\Users\eljes\Downloads\simulator-windows-64\IMG\center_2026_09_01_10_34_17_699.jpg, C:\Users\eljes\Downloads\simulator-windows-64\IMG\left_2026_09_01_10_34_17_699.jpg, C:\Users\eljes\Downloads\simulator-windows-64\IMG\right_2026_09_01_10_34_17_699.jpg, 0, 0, 0, 11.78387
C:\Users\eljes\Downloads\simulator-windows-64\IMG\center_2026_09_01_10_34_17_804.jpg, C:\Users\eljes\Downloads\simulator-windows-64\IMG\left_2026_09_01_10_34_17_804.jpg, C:\Users\eljes\Downloads\simulator-windows-64\IMG\right_2026_09_01_10_34_17_804.jpg, 0, 0, 0, 12.20587
C:\Users\eljes\Downloads\simulator-windows-64\IMG\center_2026_09_01_10_34_17_907.jpg, C:\Users\eljes\Downloads\simulator-windows-64\IMG\left_2026_09_01_10_34_17_907.jpg, C:\Users\eljes\Downloads\simulator-windows-64\IMG\right_2026_09_01_10_34_17_907.jpg, 0, 0, 0, 11.53608
C:\Users\eljes\Downloads\simulator-windows-64\IMG\center_2026_09_01_10_34_18_009.jpg, C:\Users\eljes\Downloads\simulator-windows-64\IMG\left_2026_09_01_10_34_18_009.jpg, C:\Users\eljes\Downloads\simulator-windows-64\IMG\right_2026_09_01_10_34_18_009.jpg, 0, 0, 0, 11.96167
C:\Users\eljes\Downloads\simulator-windows-64\IMG\center_2026_09_01_10_34_18_117.jpg, C:\Users\eljes\Downloads\simulator-windows-64\IMG\left_2026_09_01_10_34_18_117.jpg, C:\Users\eljes\Downloads\simulator-windows-64\IMG\right_2026_09_01_10_34_18_117.jpg, 0, 0, 0, 11.28628
C:\Users\eljes\Downloads\simulator-windows-64\IMG\center_2026_09_01_10_34_18_223.jpg, C:\Users\eljes\Downloads\simulator-windows-64\IMG\left_2026_09_01_10_34_18_223.jpg, C:\Users\eljes\Downloads\simulator-windows-64\IMG\right_2026_09_01_10_34_18_223.jpg, 0, 0, 0, 11.15132
C:\Users\eljes\Downloads\simulator-windows-64\IMG\center_2026_09_01_10_34_18_330.jpg, C:\Users\eljes\Downloads\simulator-windows-64\IMG\left_2026_09_01_10_34_18_330.jpg, C:\Users\eljes\Downloads\simulator-windows-64\IMG\right_2026_09_01_10_34_18_330.jpg, 0, 0, 0, 11.25189
C:\Users\eljes\Downloads\simulator-windows-64\IMG\center_2026_09_01_10_34_18_433.jpg, C:\Users\eljes\Downloads\simulator-windows-64\IMG\left_2026_09_01_10_34_18_433.jpg, C:\Users\eljes\Downloads\simulator-windows-64\IMG\right_2026_09_01_10_34_18_433.jpg, 0, 0, 0, 11.41361
C:\Users\eljes\Downloads\simulator-windows-64\IMG\center_2026_09_01_10_34_18_539.jpg, C:\Users\eljes\Downloads\simulator-windows-64\IMG\left_2026_09_01_10_34_18_539.jpg, C:\Users\eljes\Downloads\simulator-windows-64\IMG\right_2026_09_01_10_34_18_539.jpg, 0, 0, 0, 11.16228
C:\Users\eljes\Downloads\simulator-windows-64\IMG\center_2026_09_01_10_34_18_645.jpg, C:\Users\eljes\Downloads\simulator-windows-64\IMG\left_2026_09_01_10_34_18_645.jpg, C:\Users\eljes\Downloads\simulator-windows-64\IMG\right_2026_09_01_10_34_18_645.jpg, 0, 0, 0, 11.04921
C:\Users\eljes\Downloads\simulator-windows-64\IMG\center_2026_09_01_10_34_18_746.jpg, C:\Users\eljes\Downloads\simulator-windows-64\IMG\left_2026_09_01_10_34_18_746.jpg, C:\Users\eljes\Downloads\simulator-windows-64\IMG\right_2026_09_01_10_34_18_746.jpg, 0, 0, 0, 10.93734
C:\Users\eljes\Downloads\simulator-windows-64\IMG\center_2026_09_01_10_34_18_852.jpg, C:\Users\eljes\Downloads\simulator-windows-64\IMG\left_2026_09_01_10_34_18_852.jpg, C:\Users\eljes\Downloads\simulator-windows-64\IMG\right_2026_09_01_10_34_18_852.jpg, 0, 0, 0, 10.82657
C:\Users\eljes\Downloads\simulator-windows-64\IMG\center_2026_09_01_10_34_18_956.jpg, C:\Users\eljes\Downloads\simulator-windows-64\IMG\left_2026_09_01_10_34_18_956.jpg, C:\Users\eljes\Downloads\simulator-windows-64\IMG\right_2026_09_01_10_34_18_956.jpg, 0, 0.2020863, 0, 10.8108
C:\Users\eljes\Downloads\simulator-windows-64\IMG\center_2026_09_01_10_34_19_061.jpg, C:\Users\eljes\Downloads\simulator-windows-64\IMG\left_2026_09_01_10_34_19_061.jpg, C:\Users\eljes\Downloads\simulator-windows-64\IMG\right_2026_09_01_10_34_19_061.jpg, 0, 0.2464053, 0, 11.14249
C:\Users\eljes\Downloads\simulator-windows-64\IMG\center_2026_09_01_10_34_19_164.jpg, C:\Users\eljes\Downloads\simulator-windows-64\IMG\left_2026_09_01_10_34_19_164.jpg, C:\Users\eljes\Downloads\simulator-windows-64\IMG\right_2026_09_01_10_34_19_164.jpg, 0, 0, 0, 11.14828
C:\Users\eljes\Downloads\simulator-windows-64\IMG\center_2026_09_01_10_34_19_267.jpg, C:\Users\eljes\Downloads\simulator-windows-64\IMG\left_2026_09_01_10_34_19_267.jpg, C:\Users\eljes\Downloads\simulator-windows-64\IMG\right_2026_09_01_10_34_19_267.jpg, 0, 0, 0, 11.0381
C:\Users\eljes\Downloads\simulator-windows-64\IMG\center_2026_09_01_10_34_19_369.jpg, C:\Users\eljes\Downloads\simulator-windows-64\IMG\left_2026_09_01_10_34_19_369.jpg, C:\Users\eljes\Downloads\simulator-windows-64\IMG\right_2026_09_01_10_34_19_369.jpg, -0.0655128, 0, 0, 10.92771
C:\Users\eljes\Downloads\simulator-windows-64\IMG\center_2026_09_01_10_34_19_473.jpg, C:\Users\eljes\Downloads\simulator-windows-64\IMG\left_2026_09_01_10_34_19_473.jpg, C:\Users\eljes\Downloads\simulator-windows-64\IMG\right_2026_09_01_10_34_19_473.jpg, -0.2279103, 0, 0, 10.78316
C:\Users\eljes\Downloads\simulator-windows-64\IMG\center_2026_09_01_10_34_19_580.jpg, C:\Users\eljes\Downloads\simulator-windows-64\IMG\left_2026_09_01_10_34_19_580.jpg, C:\Users\eljes\Downloads\simulator-windows-64\IMG\right_2026_09_01_10_34_19_580.jpg, 0, 0, 0, 10.65134
C:\Users\eljes\Downloads\simulator-windows-64\IMG\center_2026_09_01_10_34_19_685.jpg, C:\Users\eljes\Downloads\simulator-windows-64\IMG\left_2026_09_01_10_34_19_685.jpg, C:\Users\eljes\Downloads\simulator-windows-64\IMG\right_2026_09_01_10_34_19_685.jpg, 0, 0, 0, 10.54448
C:\Users\eljes\Downloads\simulator-windows-64\IMG\center_2026_09_01_10_34_19_792.jpg, C:\Users\eljes\Downloads\simulator-windows-64\IMG\left_2026_09_01_10_34_19_792.jpg, C:\Users\eljes\Downloads\simulator-windows-64\IMG\right_2026_09_01_10_34_19_792.jpg, 0, 0, 0, 10.44105
C:\Users\eljes\Downloads\simulator-windows-64\IMG\center_2026_09_01_10_34_19_896.jpg, C:\Users\eljes\Downloads\simulator-windows-64\IMG\left_2026_09_01_10_34_19_896.jpg, C:\Users\eljes\Downloads\simulator-windows-64\IMG\right_2026_09_01_10_34_19_896.jpg, 0, 0, 0, 10.33882
C:\Users\eljes\Downloads\simulator-windows-64\IMG\center_2026_09_01_10_34_20_004.jpg, C:\Users\eljes\Downloads\simulator-windows-64\IMG\left_2026_09_01_10_34_20_004.jpg, C:\Users\eljes\Downloads\simulator-windows-64\IMG\right_2026_09_01_10_34_20_004.jpg, 0, 0, 0, 10.21748
C:\Users\eljes\Downloads\simulator-windows-64\IMG\center_2026_09_01_10_34_20_105.jpg, C:\Users\eljes\Downloads\simulator-windows-64\IMG\left_2026_09_01_10_34_20_105.jpg, C:\Users\eljes\Downloads\simulator-windows-64\IMG\right_2026_09_01_10_34_20_105.jpg, 0, 0, 0, 10.11748
C:\Users\eljes\Downloads\simulator-windows-64\IMG\center_2026_09_01_10_34_20_206.jpg, C:\Users\eljes\Downloads\simulator-windows-64\IMG\left_2026_09_01_10_34_20_206.jpg, C:\Users\eljes\Downloads\simulator-windows-64\IMG\right_2026_09_01_10_34_20_206.jpg, 0, 0, 0, 10.0185
C:\Users\eljes\Downloads\simulator-windows-64\IMG\center_2026_09_01_10_34_20_308.jpg, C:\Users\eljes\Downloads\simulator-windows-64\IMG\left_2026_09_01_10_34_20_308.jpg, C:\Users\eljes\Downloads\simulator-windows-64\IMG\right_2026_09_01_10_34_20_308.jpg, 0, 0, 0, 9.92051
C:\Users\eljes\Downloads\simulator-windows-64\IMG\center_2026_09_01_10_34_20_414.jpg, C:\Users\eljes\Downloads\simulator-windows-64\IMG\left_2026_09_01_10_34_20_414.jpg, C:\Users\eljes\Downloads\simulator-windows-64\IMG\right_2026_09_01_10_34_20_414.jpg, 0, 0, 0, 9.823511
C:\Users\eljes\Downloads\simulator-windows-64\IMG\center_2026_09_01_10_34_20_519.jpg, C:\Users\eljes\Downloads\simulator-windows-64\IMG\left_2026_09_01_10_34_20_519.jpg, C:\Users\eljes\Downloads\simulator-windows-64\IMG\right_2026_09_01_10_34_20_519.jpg, -0.1258827, 0, 0, 9.703471
C:\Users\eljes\Downloads\simulator-windows-64\IMG\center_2026_09_01_10_34_20_625.jpg, C:\Users\eljes\Downloads\simulator-windows-64\IMG\left_2026_09_01_10_34_20_625.jpg, C:\Users\eljes\Downloads\simulator-windows-64\IMG\right_2026_09_01_10_34_20_625.jpg, -0.2161299, 0, 0, 9.57038
C:\Users\eljes\Downloads\simulator-windows-64\IMG\center_2026_09_01_10_34_20_732.jpg, C:\Users\eljes\Downloads\simulator-windows-64\IMG\left_2026_09_01_10_34_20_732.jpg, C:\Users\eljes\Downloads\simulator-windows-64\IMG\right_2026_09_01_10_34_20_732.jpg, 0, 0, 0, 9.472992
C:\Users\eljes\Downloads\simulator-windows-64\IMG\center_2026_09_01_10_34_20_840.jpg, C:\Users\eljes\Downloads\simulator-windows-64\IMG\left_2026_09_01_10_34_20_840.jpg, C:\Users\eljes\Downloads\simulator-windows-64\IMG\right_2026_09_01_10_34_20_840.jpg, 0, 0, 0, 9.359847
C:\Users\eljes\Downloads\simulator-windows-64\IMG\center_2026_09_01_10_34_20_946.jpg, C:\Users\eljes\Downloads\simulator-windows-64\IMG\left_2026_09_01_10_34_20_946.jpg, C:\Users\eljes\Downloads\simulator-windows-64\IMG\right_2026_09_01_10_34_20_946.jpg, 0, 0.319452, 0, 9.473251
C:\Users\eljes\Downloads\simulator-windows-64\IMG\center_2026_09_01_10_34_21_049.jpg, C:\Users\eljes\Downloads\simulator-windows-64\IMG\left_2026_09_01_10_34_21_049.jpg, C:\Users\eljes\Downloads\simulator-windows-64\IMG\right_2026_09_01_10_34_21_049.jpg, 0, 0.2961768, 0, 9.827451
C:\Users\eljes\Downloads\simulator-windows-64\IMG\center_2026_09_01_10_34_21_149.jpg, C:\Users\eljes\Downloads\simulator-windows-64\IMG\left_2026_09_01_10_34_21_149.jpg, C:\Users\eljes\Downloads\simulator-windows-64\IMG\right_2026_09_01_10_34_21_149.jpg, 0, 0, 0, 9.885814
C:\Users\eljes\Downloads\simulator-windows-64\IMG\center_2026_09_01_10_34_21_252.jpg, C:\Users\eljes\Downloads\simulator-windows-64\IMG\left_2026_09_01_10_34_21_252.jpg, C:\Users\eljes\Downloads\simulator-windows-64\IMG\right_2026_09_01_10_34_21_252.jpg, 0, 0.1579689, 0, 9.839853
C:\Users\eljes\Downloads\simulator-windows-64\IMG\center_2026_09_01_10_34_21_356.jpg, C:\Users\eljes\Downloads\simulator-windows-64\IMG\left_2026_09_01_10_34_21_356.jpg, C:\Users\eljes\Downloads\simulator-windows-64\IMG\right_2026_09_01_10_34_21_356.jpg, 0, 0.4486017, 0, 10.12628
C:\Users\eljes\Downloads\simulator-windows-64\IMG\center_2026_09_01_10_34_21_459.jpg, C:\Users\eljes\Downloads\simulator-windows-64\IMG\left_2026_09_01_10_34_21_459.jpg, C:\Users\eljes\Downloads\simulator-windows-64\IMG\right_2026_09_01_10_34_21_459.jpg, -0.3048711, 0.8025139, 0, 10.90227
C:\Users\eljes\Downloads\simulator-windows-64\IMG\center_2026_09_01_10_34_21_565.jpg, C:\Users\eljes\Downloads\simulator-windows-64\IMG\left_2026_09_01_10_34_21_565.jpg, C:\Users\eljes\Downloads\simulator-windows-64\IMG\right_2026_09_01_10_34_21_565.jpg, 0, 1, 0, 12.06566
C:\Users\eljes\Downloads\simulator-windows-64\IMG\center_2026_09_01_10_34_21_672.jpg, C:\Users\eljes\Downloads\simulator-windows-64\IMG\left_2026_09_01_10_34_21_672.jpg, C:\Users\eljes\Downloads\simulator-windows-64\IMG\right_2026_09_01_10_34_21_672.jpg, 0, 1, 0, 12.99659
C:\Users\eljes\Downloads\simulator-windows-64\IMG\center_2026_09_01_10_34_21_777.jpg, C:\Users\eljes\Downloads\simulator-windows-64\IMG\left_2026_09_01_10_34_21_777.jpg, C:\Users\eljes\Downloads\simulator-windows-64\IMG\right_2026_09_01_10_34_21_777.jpg, 0, 1, 0, 14.10088
C:\Users\eljes\Downloads\simulator-windows-64\IMG\center_2026_09_01_10_34_21_882.jpg, C:\Users\eljes\Downloads\simulator-windows-64\IMG\left_2026_09_01_10_34_21_882.jpg, C:\Users\eljes\Downloads\simulator-windows-64\IMG\right_2026_09_01_10_34_21_882.jpg, -0.3162021, 1, 0, 15.29332
C:\Users\eljes\Downloads\simulator-windows-64\IMG\center_2026_09_01_10_34_21_988.jpg, C:\Users\eljes\Downloads\simulator-windows-64\IMG\left_2026_09_01_10_34_21_988.jpg, C:\Users\eljes\Downloads\simulator-windows-64\IMG\right_2026_09_01_10_34_21_988.jpg, -0.1934004, 1, 0, 16.40761
C:\Users\eljes\Downloads\simulator-windows-64\IMG\center_2026_09_01_10_34_22_092.jpg, C:\Users\eljes\Downloads\simulator-windows-64\IMG\left_2026_09_01_10_34_22_092.jpg, C:\Users\eljes\Downloads\simulator-windows-64\IMG\right_2026_09_01_10_34_22_092.jpg, 0, 1, 0, 17.29878
C:\Users\eljes\Downloads\simulator-windows-64\IMG\center_2026_09_01_10_34_22_192.jpg, C:\Users\eljes\Downloads\simulator-windows-64\IMG\left_2026_09_01_10_34_22_192.jpg, C:\Users\eljes\Downloads\simulator-windows-64\IMG\right_2026_09_01_10_34_22_192.jpg, 0, 1, 0, 18.49486
C:\Users\eljes\Downloads\simulator-windows-64\IMG\center_2026_09_01_10_34_22_293.jpg, C:\Users\eljes\Downloads\simulator-windows-64\IMG\left_2026_09_01_10_34_22_293.jpg, C:\Users\eljes\Downloads\simulator-windows-64\IMG\right_2026_09_01_10_34_22_293.jpg, 0, 1, 0, 19.3763
C:\Users\eljes\Downloads\simulator-windows-64\IMG\center_2026_09_01_10_34_22_394.jpg, C:\Users\eljes\Downloads\simulator-windows-64\IMG\left_2026_09_01_10_34_22_394.jpg, C:\Users\eljes\Downloads\simulator-windows-64\IMG\right_2026_09_01_10_34_22_394.jpg, 0, 1, 0, 20.50815
C:\Users\eljes\Downloads\simulator-windows-64\IMG\center_2026_09_01_10_34_22_495.jpg, C:\Users\eljes\Downloads\simulator-windows-64\IMG\left_2026_09_01_10_34_22_495.jpg, C:\Users\eljes\Downloads\simulator-windows-64\IMG\right_2026_09_01_10_34_22_495.jpg, 0, 1, 0, 21.43453
C:\Users\eljes\Downloads\simulator-windows-64\IMG\center_2026_09_01_10_34_22_596.jpg, C:\Users\eljes\Downloads\simulator-windows-64\IMG\left_2026_09_01_10_34_22_596.jpg, C:\Users\eljes\Downloads\simulator-windows-64\IMG\right_2026_09_01_10_34_22_596.jpg, 0, 1, 0, 22.47702
C:\Users\eljes\Downloads\simulator-windows-64\IMG\center_2026_09_01_10_34_22_699.jpg, C:\Users\eljes\Downloads\simulator-windows-64\IMG\left_2026_09_01_10_34_22_699.jpg, C:\Users\eljes\Downloads\simulator-windows-64\IMG\right_2026_09_01_10_34_22_699.jpg, 0, 1, 0, 23.64513
C:\Users\eljes\Downloads\simulator-windows-64\IMG\center_2026_09_01_10_34_22_804.jpg, C:\Users\eljes\Downloads\simulator-windows-64\IMG\left_2026_09_01_10_34_22_804.jpg, C:\Users\eljes\Downloads\simulator-windows-64\IMG\right_2026_09_01_10_34_22_804.jpg, 0, 1, 0, 24.61137
C:\Users\eljes\Downloads\simulator-windows-64\IMG\center_2026_09_01_10_34_22_908.jpg, C:\Users\eljes\Downloads\simulator-windows-64\IMG\left_2026_09_01_10_34_22_908.jpg, C:\Users\eljes\Downloads\simulator-windows-64\IMG\right_2026_09_01_10_34_22_908.jpg, 0, 1, 0, 25.57467
C:\Users\eljes\Downloads\simulator-windows-64\IMG\center_2026_09_01_10_34_23_009.jpg, C:\Users\eljes\Downloads\simulator-windows-64\IMG\left_2026_09_01_10_34_23_009.jpg, C:\Users\eljes\Downloads\simulator-windows-64\IMG\right_2026_09_01_10_34_23_009.jpg, 0, 1, 0, 26.5269
C:\Users\eljes\Downloads\simulator-windows-64\IMG\center_2026_09_01_10_34_23_113.jpg, C:\Users\eljes\Downloads\simulator-windows-64\IMG\left_2026_09_01_10_34_23_113.jpg, C:\Users\eljes\Downloads\simulator-windows-64\IMG\right_2026_09_01_10_34_23_113.jpg, 0, 1, 0, 27.46957
C:\Users\eljes\Downloads\simulator-windows-64\IMG\center_2026_09_01_10_34_23_214.jpg, C:\Users\eljes\Downloads\simulator-windows-64\IMG\left_2026_09_01_10_34_23_214.jpg, C:\Users\eljes\Downloads\simulator-windows-64\IMG\right_2026_09_01_10_34_23_214.jpg, 0, 1, 0, 28.40305
C:\Users\eljes\Downloads\simulator-windows-64\IMG\center_2026_09_01_10_34_23_317.jpg, C:\Users\eljes\Downloads\simulator-windows-64\IMG\left_2026_09_01_10_34_23_317.jpg, C:\Users\eljes\Downloads\simulator-windows-64\IMG\right_2026_09_01_10_34_23_317.jpg, 0, 1, 0, 29.32856
C:\Users\eljes\Downloads\simulator-windows-64\IMG\center_2026_09_01_10_34_23_421.jpg, C:\Users\eljes\Downloads\simulator-windows-64\IMG\left_2026_09_01_10_34_23_421.jpg, C:\Users\eljes\Downloads\simulator-windows-64\IMG\right_2026_09_01_10_34_23_421.jpg, 0, 1, 0, 30.19246
C:\Users\eljes\Downloads\simulator-windows-64\IMG\center_2026_09_01_10_34_23_526.jpg, C:\Users\eljes\Downloads\simulator-windows-64\IMG\left_2026_09_01_10_34_23_526.jpg, C:\Users\eljes\Downloads\simulator-windows-64\IMG\right_2026_09_01_10_34_23_526.jpg, 0, 1, 0, 30.19077
C:\Users\eljes\Downloads\simulator-windows-64\IMG\center_2026_09_01_10_34_23_629.jpg, C:\Users\eljes\Downloads\simulator-windows-64\IMG\left_2026_09_01_10_34_23_629.jpg, C:\Users\eljes\Downloads\simulator-windows-64\IMG\right_2026_09_01_10_34_23_629.jpg, -0.0211623, 1, 0, 30.19071
C:\Users\eljes\Downloads\simulator-windows-64\IMG\center_2026_09_01_10_34_23_731.jpg, C:\Users\eljes\Downloads\simulator-windows-64\IMG\left_2026_09_01_10_34_23_731.jpg, C:\Users\eljes\Downloads\simulator-windows-64\IMG\right_2026_09_01_10_34_23_731.jpg, -0.3276561, 1, 0, 30.16368
C:\Users\eljes\Downloads\simulator-windows-64\IMG\center_2026_09_01_10_34_23_833.jpg, C:\Users\eljes\Downloads\simulator-windows-64\IMG\left_2026_09_01_10_34_23_833.jpg, C:\Users\eljes\Downloads\simulator-windows-64\IMG\right_2026_09_01_10_34_23_833.jpg, -0.2768442, 0.8953753, 0, 30.17063
C:\Users\eljes\Downloads\simulator-windows-64\IMG\center_2026_09_01_10_34_23_936.jpg, C:\Users\eljes\Downloads\simulator-windows-64\IMG\left_2026_09_01_10_34_23_936.jpg, C:\Users\eljes\Downloads\simulator-windows-64\IMG\right_2026_09_01_10_34_23_936.jpg, 0, 0.9783264, 0, 30.17187
C:\Users\eljes\Downloads\simulator-windows-64\IMG\center_2026_09_01_10_34_24_042.jpg, C:\Users\eljes\Downloads\simulator-windows-64\IMG\left_2026_09_01_10_34_24_042.jpg, C:\Users\eljes\Downloads\simulator-windows-64\IMG\right_2026_09_01_10_34_24_042.jpg, -0.091116, 1, 0, 30.19079
C:\Users\eljes\Downloads\simulator-windows-64\IMG\center_2026_09_01_10_34_24_142.jpg, C:\Users\eljes\Downloads\simulator-windows-64\IMG\left_2026_09_01_10_34_24_142.jpg, C:\Users\eljes\Downloads\simulator-windows-64\IMG\right_2026_09_01_10_34_24_142.jpg, -0.3921807, 1, 0, 30.15927
C:\Users\eljes\Downloads\simulator-windows-64\IMG\center_2026_09_01_10_34_24_243.jpg, C:\Users\eljes\Downloads\simulator-windows-64\IMG\left_2026_09_01_10_34_24_243.jpg, C:\Users\eljes\Downloads\simulator-windows-64\IMG\right_2026_09_01_10_34_24_243.jpg, -0.1789731, 1, 0, 30.19305
C:\Users\eljes\Downloads\simulator-windows-64\IMG\center_2026_09_01_10_34_24_348.jpg, C:\Users\eljes\Downloads\simulator-windows-64\IMG\left_2026_09_01_10_34_24_348.jpg, C:\Users\eljes\Downloads\simulator-windows-64\IMG\right_2026_09_01_10_34_24_348.jpg, 0, 1, 0, 30.18883
C:\Users\eljes\Downloads\simulator-windows-64\IMG\center_2026_09_01_10_34_24_451.jpg, C:\Users\eljes\Downloads\simulator-windows-64\IMG\left_2026_09_01_10_34_24_451.jpg, C:\Users\eljes\Downloads\simulator-windows-64\IMG\right_2026_09_01_10_34_24_451.jpg, 0, 1, 0, 30.19019
C:\Users\eljes\Downloads\simulator-windows-64\IMG\center_2026_09_01_10_34_24_554.jpg, C:\Users\eljes\Downloads\simulator-windows-64\IMG\left_2026_09_01_10_34_24_554.jpg, C:\Users\eljes\Downloads\simulator-windows-64\IMG\right_2026_09_01_10_34_24_554.jpg, 0, 1, 0, 30.19031
C:\Users\eljes\Downloads\simulator-windows-64\IMG\center_2026_09_01_10_34_24_658.jpg, C:\Users\eljes\Downloads\simulator-windows-64\IMG\left_2026_09_01_10_34_24_658.jpg, C:\Users\eljes\Downloads\simulator-windows-64\IMG\right_2026_09_01_10_34_24_658.jpg, 0, 0.8598667, 0, 30.16604
C:\Users\eljes\Downloads\simulator-windows-64\IMG\center_2026_09_01_10_34_24_760.jpg, C:\Users\eljes\Downloads\simulator-windows-64\IMG\left_2026_09_01_10_34_24_760.jpg, C:\Users\eljes\Downloads\simulator-windows-64\IMG\right_2026_09_01_10_34_24_760.jpg, 0, 0.5559798, 0, 30.08864
C:\Users\eljes\Downloads\simulator-windows-64\IMG\center_2026_09_01_10_34_24_867.jpg, C:\Users\eljes\Downloads\simulator-windows-64\IMG\left_2026_09_01_10_34_24_867.jpg, C:\Users\eljes\Downloads\simulator-windows-64\IMG\right_2026_09_01_10_34_24_867.jpg, 0, 0.2574537, 0, 30.01532
C:\Users\eljes\Downloads\simulator-windows-64\IMG\center_2026_09_01_10_34_24_969.jpg, C:\Users\eljes\Downloads\simulator-windows-64\IMG\left_2026_09_01_10_34_24_969.jpg, C:\Users\eljes\Downloads\simulator-windows-64\IMG\right_2026_09_01_10_34_24_969.jpg, 0, 0, 0, 29.83399
C:\Users\eljes\Downloads\simulator-windows-64\IMG\center_2026_09_01_10_34_25_071.jpg, C:\Users\eljes\Downloads\simulator-windows-64\IMG\left_2026_09_01_10_34_25_071.jpg, C:\Users\eljes\Downloads\simulator-windows-64\IMG\right_2026_09_01_10_34_25_071.jpg, 0, 0, 0, 29.53584
C:\Users\eljes\Downloads\simulator-windows-64\IMG\center_2026_09_01_10_34_25_174.jpg, C:\Users\eljes\Downloads\simulator-windows-64\IMG\left_2026_09_01_10_34_25_174.jpg, C:\Users\eljes\Downloads\simulator-windows-64\IMG\right_2026_09_01_10_34_25_174.jpg, 0, 0, 0, 29.23938
C:\Users\eljes\Downloads\simulator-windows-64\IMG\center_2026_09_01_10_34_25_278.jpg, C:\Users\eljes\Downloads\simulator-windows-64\IMG\left_2026_09_01_10_34_25_278.jpg, C:\Users\eljes\Downloads\simulator-windows-64\IMG\right_2026_09_01_10_34_25_278.jpg, 0, 0, 0, 28.94579
C:\Users\eljes\Downloads\simulator-windows-64\IMG\center_2026_09_01_10_34_25_385.jpg, C:\Users\eljes\Downloads\simulator-windows-64\IMG\left_2026_09_01_10_34_25_385.jpg, C:\Users\eljes\Downloads\simulator-windows-64\IMG\right_2026_09_01_10_34_25_385.jpg, -0.3217533, 0, 0, 28.54214
C:\Users\eljes\Downloads\simulator-windows-64\IMG\center_2026_09_01_10_34_25_486.jpg, C:\Users\eljes\Downloads\simulator-windows-64\IMG\left_2026_09_01_10_34_25_486.jpg, C:\Users\eljes\Downloads\simulator-windows-64\IMG\right_2026_09_01_10_34_25_486.jpg, -0.6068109, 0, 0, 28.03488
C:\Users\eljes\Downloads\simulator-windows-64\IMG\center_2026_09_01_10_34_25_591.jpg, C:\Users\eljes\Downloads\simulator-windows-64\IMG\left_2026_09_01_10_34_25_591.jpg, C:\Users\eljes\Downloads\simulator-windows-64\IMG\right_2026_09_01_10_34_25_591.jpg, -0.9181563, 0, 0, 27.36412
C:\Users\eljes\Downloads\simulator-windows-64\IMG\center_2026_09_01_10_34_25_692.jpg, C:\Users\eljes\Downloads\simulator-windows-64\IMG\left_2026_09_01_10_34_25_692.jpg, C:\Users\eljes\Downloads\simulator-windows-64\IMG\right_2026_09_01_10_34_25_692.jpg, -0.806155, 0, 0, 26.72911
C:\Users\eljes\Downloads\simulator-windows-64\IMG\center_2026_09_01_10_34_25_794.jpg, C:\Users\eljes\Downloads\simulator-windows-64\IMG\left_2026_09_01_10_34_25_794.jpg, C:\Users\eljes\Downloads\simulator-windows-64\IMG\right_2026_09_01_10_34_25_794.jpg, -0.5055499, 0, 0, 26.46929
C:\Users\eljes\Downloads\simulator-windows-64\IMG\center_2026_09_01_10_34_25_898.jpg, C:\Users\eljes\Downloads\simulator-windows-64\IMG\left_2026_09_01_10_34_25_898.jpg, C:\Users\eljes\Downloads\simulator-windows-64\IMG\right_2026_09_01_10_34_25_898.jpg, -0.1520119, 0, 0, 26.20264
C:\Users\eljes\Downloads\simulator-windows-64\IMG\center_2026_09_01_10_34_26_002.jpg, C:\Users\eljes\Downloads\simulator-windows-64\IMG\left_2026_09_01_10_34_26_002.jpg, C:\Users\eljes\Downloads\simulator-windows-64\IMG\right_2026_09_01_10_34_26_002.jpg, 0, 0, 0, 25.90996
C:\Users\eljes\Downloads\simulator-windows-64\IMG\center_2026_09_01_10_34_26_107.jpg, C:\Users\eljes\Downloads\simulator-windows-64\IMG\left_2026_09_01_10_34_26_107.jpg, C:\Users\eljes\Downloads\simulator-windows-64\IMG\right_2026_09_01_10_34_26_107.jpg, 0, 0, 0, 25.64071
C:\Users\eljes\Downloads\simulator-windows-64\IMG\center_2026_09_01_10_34_26_208.jpg, C:\Users\eljes\Downloads\simulator-windows-64\IMG\left_2026_09_01_10_34_26_208.jpg, C:\Users\eljes\Downloads\simulator-windows-64\IMG\right_2026_09_01_10_34_26_208.jpg, 0, 0, 0, 25.37774
C:\Users\eljes\Downloads\simulator-windows-64\IMG\center_2026_09_01_10_34_26_311.jpg, C:\Users\eljes\Downloads\simulator-windows-64\IMG\left_2026_09_01_10_34_26_311.jpg, C:\Users\eljes\Downloads\simulator-windows-64\IMG\right_2026_09_01_10_34_26_311.jpg, 0, 0, 0, 25.11775
C:\Users\eljes\Downloads\simulator-windows-64\IMG\center_2026_09_01_10_34_26_416.jpg, C:\Users\eljes\Downloads\simulator-windows-64\IMG\left_2026_09_01_10_34_26_416.jpg, C:\Users\eljes\Downloads\simulator-windows-64\IMG\right_2026_09_01_10_34_26_416.jpg, 0.2770614, 0, 0, 24.82171
C:\Users\eljes\Downloads\simulator-windows-64\IMG\center_2026_09_01_10_34_26_521.jpg, C:\Users\eljes\Downloads\simulator-windows-64\IMG\left_2026_09_01_10_34_26_521.jpg, C:\Users\eljes\Downloads\simulator-windows-64\IMG\right_2026_09_01_10_34_26_521.jpg, 0.6270612, 0, 0, 24.28481
C:\Users\eljes\Downloads\simulator-windows-64\IMG\center_2026_09_01_10_34_26_623.jpg, C:\Users\eljes\Downloads\simulator-windows-64\IMG\left_2026_09_01_10_34_26_623.jpg, C:\Users\eljes\Downloads\simulator-windows-64\IMG\right_2026_09_01_10_34_26_623.jpg, 0.9326814, 0, 0, 23.68365
C:\Users\eljes\Downloads\simulator-windows-64\IMG\center_2026_09_01_10_34_26_728.jpg, C:\Users\eljes\Downloads\simulator-windows-64\IMG\left_2026_09_01_10_34_26_728.jpg, C:\Users\eljes\Downloads\simulator-windows-64\IMG\right_2026_09_01_10_34_26_728.jpg, 0.6329485, 0, 0, 23.31658
C:\Users\eljes\Downloads\simulator-windows-64\IMG\center_2026_09_01_10_34_26_835.jpg, C:\Users\eljes\Downloads\simulator-windows-64\IMG\left_2026_09_01_10_34_26_835.jpg, C:\Users\eljes\Downloads\simulator-windows-64\IMG\right_2026_09_01_10_34_26_835.jpg, 0.3363125, 0, 0, 23.13492
C:\Users\eljes\Downloads\simulator-windows-64\IMG\center_2026_09_01_10_34_26_935.jpg, C:\Users\eljes\Downloads\simulator-windows-64\IMG\left_2026_09_01_10_34_26_935.jpg, C:\Users\eljes\Downloads\simulator-windows-64\IMG\right_2026_09_01_10_34_26_935.jpg, 0.03497206, 0, 0, 22.90762
C:\Users\eljes\Downloads\simulator-windows-64\IMG\center_2026_09_01_10_34_27_037.jpg, C:\Users\eljes\Downloads\simulator-windows-64\IMG\left_2026_09_01_10_34_27_037.jpg, C:\Users\eljes\Downloads\simulator-windows-64\IMG\right_2026_09_01_10_34_27_037.jpg, 0, 0, 0, 22.65816
C:\Users\eljes\Downloads\simulator-windows-64\IMG\center_2026_09_01_10_34_27_141.jpg, C:\Users\eljes\Downloads\simulator-windows-64\IMG\left_2026_09_01_10_34_27_141.jpg, C:\Users\eljes\Downloads\simulator-windows-64\IMG\right_2026_09_01_10_34_27_141.jpg, 0, 0, 0, 22.38763
C:\Users\eljes\Downloads\simulator-windows-64\IMG\center_2026_09_01_10_34_27_243.jpg, C:\Users\eljes\Downloads\simulator-windows-64\IMG\left_2026_09_01_10_34_27_243.jpg, C:\Users\eljes\Downloads\simulator-windows-64\IMG\right_2026_09_01_10_34_27_243.jpg, 0, 0, 0, 22.1663
C:\Users\eljes\Downloads\simulator-windows-64\IMG\center_2026_09_01_10_34_27_345.jpg, C:\Users\eljes\Downloads\simulator-windows-64\IMG\left_2026_09_01_10_34_27_345.jpg, C:\Users\eljes\Downloads\simulator-windows-64\IMG\right_2026_09_01_10_34_27_345.jpg, -0.0672162, 0, 0, 21.94452
C:\Users\eljes\Downloads\simulator-windows-64\IMG\center_2026_09_01_10_34_27_449.jpg, C:\Users\eljes\Downloads\simulator-windows-64\IMG\left_2026_09_01_10_34_27_449.jpg, C:\Users\eljes\Downloads\simulator-windows-64\IMG\right_2026_09_01_10_34_27_449.jpg, -0.3469644, 0, 0, 21.66124
C:\Users\eljes\Downloads\simulator-windows-64\IMG\center_2026_09_01_10_34_27_551.jpg, C:\Users\eljes\Downloads\simulator-windows-64\IMG\left_2026_09_01_10_34_27_551.jpg, C:\Users\eljes\Downloads\simulator-windows-64\IMG\right_2026_09_01_10_34_27_551.jpg, -0.3305664, 0, 0, 21.33394
C:\Users\eljes\Downloads\simulator-windows-64\IMG\center_2026_09_01_10_34_27_656.jpg, C:\Users\eljes\Downloads\simulator-windows-64\IMG\left_2026_09_01_10_34_27_656.jpg, C:\Users\eljes\Downloads\simulator-windows-64\IMG\right_2026_09_01_10_34_27_656.jpg, -0.03431459, 0, 0, 21.12167
C:\Users\eljes\Downloads\simulator-windows-64\IMG\center_2026_09_01_10_34_27_760.jpg, C:\Users\eljes\Downloads\simulator-windows-64\IMG\left_2026_09_01_10_34_27_760.jpg, C:\Users\eljes\Downloads\simulator-windows-64\IMG\right_2026_09_01_10_34_27_760.jpg, 0, 0, 0, 20.85527
C:\Users\eljes\Downloads\simulator-windows-64\IMG\center_2026_09_01_10_34_27_861.jpg, C:\Users\eljes\Downloads\simulator-windows-64\IMG\left_2026_09_01_10_34_27_861.jpg, C:\Users\eljes\Downloads\simulator-windows-64\IMG\right_2026_09_01_10_34_27_861.jpg, -0.3006747, 0, 0, 20.61508
C:\Users\eljes\Downloads\simulator-windows-64\IMG\center_2026_09_01_10_34_27_964.jpg, C:\Users\eljes\Downloads\simulator-windows-64\IMG\left_2026_09_01_10_34_27_964.jpg, C:\Users\eljes\Downloads\simulator-windows-64\IMG\right_2026_09_01_10_34_27_964.jpg, -0.4579638, 0, 0, 20.27051
C:\Users\eljes\Downloads\simulator-windows-64\IMG\center_2026_09_01_10_34_28_069.jpg, C:\Users\eljes\Downloads\simulator-windows-64\IMG\left_2026_09_01_10_34_28_069.jpg, C:\Users\eljes\Downloads\simulator-windows-64\IMG\right_2026_09_01_10_34_28_069.jpg, -0.1581097, 0, 0, 20.0699
C:\Users\eljes\Downloads\simulator-windows-64\IMG\center_2026_09_01_10_34_28_170.jpg, C:\Users\eljes\Downloads\simulator-windows-64\IMG\left_2026_09_01_10_34_28_170.jpg, C:\Users\eljes\Downloads\simulator-windows-64\IMG\right_2026_09_01_10_34_28_170.jpg, 0, 0, 0, 19.84522
C:\Users\eljes\Downloads\simulator-windows-64\IMG\center_2026_09_01_10_34_28_271.jpg, C:\Users\eljes\Downloads\simulator-windows-64\IMG\left_2026_09_01_10_34_28_271.jpg, C:\Users\eljes\Downloads\simulator-windows-64\IMG\right_2026_09_01_10_34_28_271.jpg, 0, 0, 0, 19.64894
C:\Users\eljes\Downloads\simulator-windows-64\IMG\center_2026_09_01_10_34_28_377.jpg, C:\Users\eljes\Downloads\simulator-windows-64\IMG\left_2026_09_01_10_34_28_377.jpg, C:\Users\eljes\Downloads\simulator-windows-64\IMG\right_2026_09_01_10_34_28_377.jpg, 0, 0, 0, 19.42317
C:\Users\eljes\Downloads\simulator-windows-64\IMG\center_2026_09_01_10_34_28_480.jpg, C:\Users\eljes\Downloads\simulator-windows-64\IMG\left_2026_09_01_10_34_28_480.jpg, C:\Users\eljes\Downloads\simulator-windows-64\IMG\right_2026_09_01_10_34_28_480.jpg, -0.1827789, 0, 0, 19.09221
C:\Users\eljes\Downloads\simulator-windows-64\IMG\center_2026_09_01_10_34_28_582.jpg, C:\Users\eljes\Downloads\simulator-windows-64\IMG\left_2026_09_01_10_34_28_582.jpg, C:\Users\eljes\Downloads\simulator-windows-64\IMG\right_2026_09_01_10_34_28_582.jpg, -0.4906299, 0, 0, 19.00804
C:\Users\eljes\Downloads\simulator-windows-64\IMG\center_2026_09_01_10_34_28_683.jpg, C:\Users\eljes\Downloads\simulator-windows-64\IMG\left_2026_09_01_10_34_28_683.jpg, C:\Users\eljes\Downloads\simulator-windows-64\IMG\right_2026_09_01_10_34_28_683.jpg, -0.5623443, 0, 0, 18.30934
C:\Users\eljes\Downloads\simulator-windows-64\IMG\center_2026_09_01_10_34_28_790.jpg, C:\Users\eljes\Downloads\simulator-windows-64\IMG\left_2026_09_01_10_34_28_790.jpg, C:\Users\eljes\Downloads\simulator-windows-64\IMG\right_2026_09_01_10_34_28_790.jpg, -0.264496, 0, 0, 18.52875
C:\Users\eljes\Downloads\simulator-windows-64\IMG\center_2026_09_01_10_34_28_890.jpg, C:\Users\eljes\Downloads\simulator-windows-64\IMG\left_2026_09_01_10_34_28_890.jpg, C:\Users\eljes\Downloads\simulator-windows-64\IMG\right_2026_09_01_10_34_28_890.jpg, 0, 0, 0, 17.88879
C:\Users\eljes\Downloads\simulator-windows-64\IMG\center_2026_09_01_10_34_28_996.jpg, C:\Users\eljes\Downloads\simulator-windows-64\IMG\left_2026_09_01_10_34_28_996.jpg, C:\Users\eljes\Downloads\simulator-windows-64\IMG\right_2026_09_01_10_34_28_996.jpg, 0, 0, 0, 18.1592
C:\Users\eljes\Downloads\simulator-windows-64\IMG\center_2026_09_01_10_34_29_100.jpg, C:\Users\eljes\Downloads\simulator-windows-64\IMG\left_2026_09_01_10_34_29_100.jpg, C:\Users\eljes\Downloads\simulator-windows-64\IMG\right_2026_09_01_10_34_29_100.jpg, -0.2626299, 0, 0, 17.91168
C:\Users\eljes\Downloads\simulator-windows-64\IMG\center_2026_09_01_10_34_29_204.jpg, C:\Users\eljes\Downloads\simulator-windows-64\IMG\left_2026_09_01_10_34_29_204.jpg, C:\Users\eljes\Downloads\simulator-windows-64\IMG\right_2026_09_01_10_34_29_204.jpg, -0.537051, 0, 0, 17.1345
C:\Users\eljes\Downloads\simulator-windows-64\IMG\center_2026_09_01_10_34_29_307.jpg, C:\Users\eljes\Downloads\simulator-windows-64\IMG\left_2026_09_01_10_34_29_307.jpg, C:\Users\eljes\Downloads\simulator-windows-64\IMG\right_2026_09_01_10_34_29_307.jpg, -0.2442321, 0, 0, 17.43487
C:\Users\eljes\Downloads\simulator-windows-64\IMG\center_2026_09_01_10_34_29_413.jpg, C:\Users\eljes\Downloads\simulator-windows-64\IMG\left_2026_09_01_10_34_29_413.jpg, C:\Users\eljes\Downloads\simulator-windows-64\IMG\right_2026_09_01_10_34_29_413.jpg, 0, 0, 0, 16.72639
C:\Users\eljes\Downloads\simulator-windows-64\IMG\center_2026_09_01_10_34_29_515.jpg, C:\Users\eljes\Downloads\simulator-windows-64\IMG\left_2026_09_01_10_34_29_515.jpg, C:\Users\eljes\Downloads\simulator-windows-64\IMG\right_2026_09_01_10_34_29_515.jpg, 0, 0, 0, 17.07028
C:\Users\eljes\Downloads\simulator-windows-64\IMG\center_2026_09_01_10_34_29_616.jpg, C:\Users\eljes\Downloads\simulator-windows-64\IMG\left_2026_09_01_10_34_29_616.jpg, C:\Users\eljes\Downloads\simulator-windows-64\IMG\right_2026_09_01_10_34_29_616.jpg, 0, 0, 0, 16.35397
C:\Users\eljes\Downloads\simulator-windows-64\IMG\center_2026_09_01_10_34_29_720.jpg, C:\Users\eljes\Downloads\simulator-windows-64\IMG\left_2026_09_01_10_34_29_720.jpg, C:\Users\eljes\Downloads\simulator-windows-64\IMG\right_2026_09_01_10_34_29_720.jpg, -0.3110205, 0, 0, 16.13274
C:\Users\eljes\Downloads\simulator-windows-64\IMG\center_2026_09_01_10_34_29_822.jpg, C:\Users\eljes\Downloads\simulator-windows-64\IMG\left_2026_09_01_10_34_29_822.jpg, C:\Users\eljes\Downloads\simulator-windows-64\IMG\right_2026_09_01_10_34_29_822.jpg, -0.6192165, 0, 0, 16.32352
C:\Users\eljes\Downloads\simulator-windows-64\IMG\center_2026_09_01_10_34_29_928.jpg, C:\Users\eljes\Downloads\simulator-windows-64\IMG\left_2026_09_01_10_34_29_928.jpg, C:\Users\eljes\Downloads\simulator-windows-64\IMG\right_2026_09_01_10_34_29_928.jpg, -0.5364066, 0, 0, 15.54658
C:\Users\eljes\Downloads\simulator-windows-64\IMG\center_2026_09_01_10_34_30_036.jpg, C:\Users\eljes\Downloads\simulator-windows-64\IMG\left_2026_09_01_10_34_30_036.jpg, C:\Users\eljes\Downloads\simulator-windows-64\IMG\right_2026_09_01_10_34_30_036.jpg, -0.2376237, 0, 0, 15.94433
C:\Users\eljes\Downloads\simulator-windows-64\IMG\center_2026_09_01_10_34_30_142.jpg, C:\Users\eljes\Downloads\simulator-windows-64\IMG\left_2026_09_01_10_34_30_142.jpg, C:\Users\eljes\Downloads\simulator-windows-64\IMG\right_2026_09_01_10_34_30_142.jpg, 0, 0, 0, 15.74322
C:\Users\eljes\Downloads\simulator-windows-64\IMG\center_2026_09_01_10_34_30_244.jpg, C:\Users\eljes\Downloads\simulator-windows-64\IMG\left_2026_09_01_10_34_30_244.jpg, C:\Users\eljes\Downloads\simulator-windows-64\IMG\right_2026_09_01_10_34_30_244.jpg, 0, 0, 0, 15.05166
C:\Users\eljes\Downloads\simulator-windows-64\IMG\center_2026_09_01_10_34_30_348.jpg, C:\Users\eljes\Downloads\simulator-windows-64\IMG\left_2026_09_01_10_34_30_348.jpg, C:\Users\eljes\Downloads\simulator-windows-64\IMG\right_2026_09_01_10_34_30_348.jpg, 0, 0, 0, 15.44775
C:\Users\eljes\Downloads\simulator-windows-64\IMG\center_2026_09_01_10_34_30_447.jpg, C:\Users\eljes\Downloads\simulator-windows-64\IMG\left_2026_09_01_10_34_30_447.jpg, C:\Users\eljes\Downloads\simulator-windows-64\IMG\right_2026_09_01_10_34_30_447.jpg, 0, 0, 0, 14.78915
C:\Users\eljes\Downloads\simulator-windows-64\IMG\center_2026_09_01_10_34_30_552.jpg, C:\Users\eljes\Downloads\simulator-windows-64\IMG\left_2026_09_01_10_34_30_552.jpg, C:\Users\eljes\Downloads\simulator-windows-64\IMG\right_2026_09_01_10_34_30_552.jpg, -0.1151943, 0, 0, 15.15094
C:\Users\eljes\Downloads\simulator-windows-64\IMG\center_2026_09_01_10_34_30_658.jpg, C:\Users\eljes\Downloads\simulator-windows-64\IMG\left_2026_09_01_10_34_30_658.jpg, C:\Users\eljes\Downloads\simulator-windows-64\IMG\right_2026_09_01_10_34_30_658.jpg, -0.412179, 0, 0, 14.42891
C:\Users\eljes\Downloads\simulator-windows-64\IMG\center_2026_09_01_10_34_30_763.jpg, C:\Users\eljes\Downloads\simulator-windows-64\IMG\left_2026_09_01_10_34_30_763.jpg, C:\Users\eljes\Downloads\simulator-windows-64\IMG\right_2026_09_01_10_34_30_763.jpg, -0.1410168, 0, 0, 14.25069
C:\Users\eljes\Downloads\simulator-windows-64\IMG\center_2026_09_01_10_34_30_866.jpg, C:\Users\eljes\Downloads\simulator-windows-64\IMG\left_2026_09_01_10_34_30_866.jpg, C:\Users\eljes\Downloads\simulator-windows-64\IMG\right_2026_09_01_10_34_30_866.jpg, 0, 0, 0, 14.59356
C:\Users\eljes\Downloads\simulator-windows-64\IMG\center_2026_09_01_10_34_30_966.jpg, C:\Users\eljes\Downloads\simulator-windows-64\IMG\left_2026_09_01_10_34_30_966.jpg, C:\Users\eljes\Downloads\simulator-windows-64\IMG\right_2026_09_01_10_34_30_966.jpg, 0, 0, 0, 13.93802
C:\Users\eljes\Downloads\simulator-windows-64\IMG\center_2026_09_01_10_34_31_071.jpg, C:\Users\eljes\Downloads\simulator-windows-64\IMG\left_2026_09_01_10_34_31_071.jpg, C:\Users\eljes\Downloads\simulator-windows-64\IMG\right_2026_09_01_10_34_31_071.jpg, 0, 0, 0, 14.3028
C:\Users\eljes\Downloads\simulator-windows-64\IMG\center_2026_09_01_10_34_31_177.jpg, C:\Users\eljes\Downloads\simulator-windows-64\IMG\left_2026_09_01_10_34_31_177.jpg, C:\Users\eljes\Downloads\simulator-windows-64\IMG\right_2026_09_01_10_34_31_177.jpg, 0, 0, 0, 13.66423
C:\Users\eljes\Downloads\simulator-windows-64\IMG\center_2026_09_01_10_34_31_282.jpg, C:\Users\eljes\Downloads\simulator-windows-64\IMG\left_2026_09_01_10_34_31_282.jpg, C:\Users\eljes\Downloads\simulator-windows-64\IMG\right_2026_09_01_10_34_31_282.jpg, 0, 0, 0, 13.45925
C:\Users\eljes\Downloads\simulator-windows-64\IMG\center_2026_09_01_10_34_31_387.jpg, C:\Users\eljes\Downloads\simulator-windows-64\IMG\left_2026_09_01_10_34_31_387.jpg, C:\Users\eljes\Downloads\simulator-windows-64\IMG\right_2026_09_01_10_34_31_387.jpg, 0, 0, 0, 13.84495
C:\Users\eljes\Downloads\simulator-windows-64\IMG\center_2026_09_01_10_34_31_494.jpg, C:\Users\eljes\Downloads\simulator-windows-64\IMG\left_2026_09_01_10_34_31_494.jpg, C:\Users\eljes\Downloads\simulator-windows-64\IMG\right_2026_09_01_10_34_31_494.jpg, 0, 0, 0, 13.24156
C:\Users\eljes\Downloads\simulator-windows-64\IMG\center_2026_09_01_10_34_31_600.jpg, C:\Users\eljes\Downloads\simulator-windows-64\IMG\left_2026_09_01_10_34_31_600.jpg, C:\Users\eljes\Downloads\simulator-windows-64\IMG\right_2026_09_01_10_34_31_600.jpg, -0.2306679, 0, 0, 13.02024
C:\Users\eljes\Downloads\simulator-windows-64\IMG\center_2026_09_01_10_34_31_705.jpg, C:\Users\eljes\Downloads\simulator-windows-64\IMG\left_2026_09_01_10_34_31_705.jpg, C:\Users\eljes\Downloads\simulator-windows-64\IMG\right_2026_09_01_10_34_31_705.jpg, -0.3706353, 0, 0, 13.29397
C:\Users\eljes\Downloads\simulator-windows-64\IMG\center_2026_09_01_10_34_31_809.jpg, C:\Users\eljes\Downloads\simulator-windows-64\IMG\left_2026_09_01_10_34_31_809.jpg, C:\Users\eljes\Downloads\simulator-windows-64\IMG\right_2026_09_01_10_34_31_809.jpg, -0.0570777, 0, 0, 12.71234
C:\Users\eljes\Downloads\simulator-windows-64\IMG\center_2026_09_01_10_34_31_913.jpg, C:\Users\eljes\Downloads\simulator-windows-64\IMG\left_2026_09_01_10_34_31_913.jpg, C:\Users\eljes\Downloads\simulator-windows-64\IMG\right_2026_09_01_10_34_31_913.jpg, 0, 0, 0, 12.85778
C:\Users\eljes\Downloads\simulator-windows-64\IMG\center_2026_09_01_10_34_32_016.jpg, C:\Users\eljes\Downloads\simulator-windows-64\IMG\left_2026_09_01_10_34_32_016.jpg, C:\Users\eljes\Downloads\simulator-windows-64\IMG\right_2026_09_01_10_34_32_016.jpg, 0, 0, 0, 12.50051
C:\Users\eljes\Downloads\simulator-windows-64\IMG\center_2026_09_01_10_34_32_117.jpg, C:\Users\eljes\Downloads\simulator-windows-64\IMG\left_2026_09_01_10_34_32_117.jpg, C:\Users\eljes\Downloads\simulator-windows-64\IMG\right_2026_09_01_10_34_32_117.jpg, -0.1589028, 0, 0, 12.58071
C:\Users\eljes\Downloads\simulator-windows-64\IMG\center_2026_09_01_10_34_32_222.jpg, C:\Users\eljes\Downloads\simulator-windows-64\IMG\left_2026_09_01_10_34_32_222.jpg, C:\Users\eljes\Downloads\simulator-windows-64\IMG\right_2026_09_01_10_34_32_222.jpg, -0.106854, 0, 0, 12.3984
C:\Users\eljes\Downloads\simulator-windows-64\IMG\center_2026_09_01_10_34_32_326.jpg, C:\Users\eljes\Downloads\simulator-windows-64\IMG\left_2026_09_01_10_34_32_326.jpg, C:\Users\eljes\Downloads\simulator-windows-64\IMG\right_2026_09_01_10_34_32_326.jpg, 0, 0, 0, 12.03526
C:\Users\eljes\Downloads\simulator-windows-64\IMG\center_2026_09_01_10_34_32_429.jpg, C:\Users\eljes\Downloads\simulator-windows-64\IMG\left_2026_09_01_10_34_32_429.jpg, C:\Users\eljes\Downloads\simulator-windows-64\IMG\right_2026_09_01_10_34_32_429.jpg, 0, 0, 0, 12.15252
C:\Users\eljes\Downloads\simulator-windows-64\IMG\center_2026_09_01_10_34_32_531.jpg, C:\Users\eljes\Downloads\simulator-windows-64\IMG\left_2026_09_01_10_34_32_531.jpg, C:\Users\eljes\Downloads\simulator-windows-64\IMG\right_2026_09_01_10_34_32_531.jpg, 0, 0, 0, 11.79287
C:\Users\eljes\Downloads\simulator-windows-64\IMG\center_2026_09_01_10_34_32_632.jpg, C:\Users\eljes\Downloads\simulator-windows-64\IMG\left_2026_09_01_10_34_32_632.jpg, C:\Users\eljes\Downloads\simulator-windows-64\IMG\right_2026_09_01_10_34_32_632.jpg, -0.1915674, 0, 0, 11.8952
C:\Users\eljes\Downloads\simulator-windows-64\IMG\center_2026_09_01_10_34_32_739.jpg, C:\Users\eljes\Downloads\simulator-windows-64\IMG\left_2026_09_01_10_34_32_739.jpg, C:\Users\eljes\Downloads\simulator-windows-64\IMG\right_2026_09_01_10_34_32_739.jpg, -0.2920764, 0, 0, 11.69525
C:\Users\eljes\Downloads\simulator-windows-64\IMG\center_2026_09_01_10_34_32_843.jpg, C:\Users\eljes\Downloads\simulator-windows-64\IMG\left_2026_09_01_10_34_32_843.jpg, C:\Users\eljes\Downloads\simulator-windows-64\IMG\right_2026_09_01_10_34_32_843.jpg, 0, 0, 0, 11.34606
C:\Users\eljes\Downloads\simulator-windows-64\IMG\center_2026_09_01_10_34_32_944.jpg, C:\Users\eljes\Downloads\simulator-windows-64\IMG\left_2026_09_01_10_34_32_944.jpg, C:\Users\eljes\Downloads\simulator-windows-64\IMG\right_2026_09_01_10_34_32_944.jpg, 0, 0, 0, 11.46772
C:\Users\eljes\Downloads\simulator-windows-64\IMG\center_2026_09_01_10_34_33_052.jpg, C:\Users\eljes\Downloads\simulator-windows-64\IMG\left_2026_09_01_10_34_33_052.jpg, C:\Users\eljes\Downloads\simulator-windows-64\IMG\right_2026_09_01_10_34_33_052.jpg, 0, 0, 0, 11.32491
C:\Users\eljes\Downloads\simulator-windows-64\IMG\center_2026_09_01_10_34_33_153.jpg, C:\Users\eljes\Downloads\simulator-windows-64\IMG\left_2026_09_01_10_34_33_153.jpg, C:\Users\eljes\Downloads\simulator-windows-64\IMG\right_2026_09_01_10_34_33_153.jpg, 0, 0, 0, 11.20032
C:\Users\eljes\Downloads\simulator-windows-64\IMG\center_2026_09_01_10_34_33_254.jpg, C:\Users\eljes\Downloads\simulator-windows-64\IMG\left_2026_09_01_10_34_33_254.jpg, C:\Users\eljes\Downloads\simulator-windows-64\IMG\right_2026_09_01_10_34_33_254.jpg, 0, 0, 0, 11.07571
C:\Users\eljes\Downloads\simulator-windows-64\IMG\center_2026_09_01_10_34_33_355.jpg, C:\Users\eljes\Downloads\simulator-windows-64\IMG\left_2026_09_01_10_34_33_355.jpg, C:\Users\eljes\Downloads\simulator-windows-64\IMG\right_2026_09_01_10_34_33_355.jpg, 0, 0, 0, 10.96486
C:\Users\eljes\Downloads\simulator-windows-64\IMG\center_2026_09_01_10_34_33_455.jpg, C:\Users\eljes\Downloads\simulator-windows-64\IMG\left_2026_09_01_10_34_33_455.jpg, C:\Users\eljes\Downloads\simulator-windows-64\IMG\right_2026_09_01_10_34_33_455.jpg, 0, 0, 0, 10.85512
C:\Users\eljes\Downloads\simulator-windows-64\IMG\center_2026_09_01_10_34_33_559.jpg, C:\Users\eljes\Downloads\simulator-windows-64\IMG\left_2026_09_01_10_34_33_559.jpg, C:\Users\eljes\Downloads\simulator-windows-64\IMG\right_2026_09_01_10_34_33_559.jpg, 0, 0, 0, 10.7249
C:\Users\eljes\Downloads\simulator-windows-64\IMG\center_2026_09_01_10_34_33_664.jpg, C:\Users\eljes\Downloads\simulator-windows-64\IMG\left_2026_09_01_10_34_33_664.jpg, C:\Users\eljes\Downloads\simulator-windows-64\IMG\right_2026_09_01_10_34_33_664.jpg, 0, 0.2409558, 0, 10.73413
C:\Users\eljes\Downloads\simulator-windows-64\IMG\center_2026_09_01_10_34_33_765.jpg, C:\Users\eljes\Downloads\simulator-windows-64\IMG\left_2026_09_01_10_34_33_765.jpg, C:\Users\eljes\Downloads\simulator-windows-64\IMG\right_2026_09_01_10_34_33_765.jpg, 0, 0.52479, 0, 11.09642
C:\Users\eljes\Downloads\simulator-windows-64\IMG\center_2026_09_01_10_34_33_868.jpg, C:\Users\eljes\Downloads\simulator-windows-64\IMG\left_2026_09_01_10_34_33_868.jpg, C:\Users\eljes\Downloads\simulator-windows-64\IMG\right_2026_09_01_10_34_33_868.jpg, 0, 0.8353011, 0, 11.43123
C:\Users\eljes\Downloads\simulator-windows-64\IMG\center_2026_09_01_10_34_33_969.jpg, C:\Users\eljes\Downloads\simulator-windows-64\IMG\left_2026_09_01_10_34_33_969.jpg, C:\Users\eljes\Downloads\simulator-windows-64\IMG\right_2026_09_01_10_34_33_969.jpg, 0, 1, 0, 12.70973
C:\Users\eljes\Downloads\simulator-windows-64\IMG\center_2026_09_01_10_34_34_077.jpg, C:\Users\eljes\Downloads\simulator-windows-64\IMG\left_2026_09_01_10_34_34_077.jpg, C:\Users\eljes\Downloads\simulator-windows-64\IMG\right_2026_09_01_10_34_34_077.jpg, 0, 0.8698867, 0, 13.66428
C:\Users\eljes\Downloads\simulator-windows-64\IMG\center_2026_09_01_10_34_34_181.jpg, C:\Users\eljes\Downloads\simulator-windows-64\IMG\left_2026_09_01_10_34_34_181.jpg, C:\Users\eljes\Downloads\simulator-windows-64\IMG\right_2026_09_01_10_34_34_181.jpg, 0, 0.501065, 0, 14.50038
C:\Users\eljes\Downloads\simulator-windows-64\IMG\center_2026_09_01_10_34_34_284.jpg, C:\Users\eljes\Downloads\simulator-windows-64\IMG\left_2026_09_01_10_34_34_284.jpg, C:\Users\eljes\Downloads\simulator-windows-64\IMG\right_2026_09_01_10_34_34_284.jpg, 0, 0.1928852, 0, 15.1484
C:\Users\eljes\Downloads\simulator-windows-64\IMG\center_2026_09_01_10_34_34_384.jpg, C:\Users\eljes\Downloads\simulator-windows-64\IMG\left_2026_09_01_10_34_34_384.jpg, C:\Users\eljes\Downloads\simulator-windows-64\IMG\right_2026_09_01_10_34_34_384.jpg, 0, 0, 0, 14.55054
C:\Users\eljes\Downloads\simulator-windows-64\IMG\center_2026_09_01_10_34_34_488.jpg, C:\Users\eljes\Downloads\simulator-windows-64\IMG\left_2026_09_01_10_34_34_488.jpg, C:\Users\eljes\Downloads\simulator-windows-64\IMG\right_2026_09_01_10_34_34_488.jpg, 0, 0.1019016, 0, 14.98557
C:\Users\eljes\Downloads\simulator-windows-64\IMG\center_2026_09_01_10_34_34_595.jpg, C:\Users\eljes\Downloads\simulator-windows-64\IMG\left_2026_09_01_10_34_34_595.jpg, C:\Users\eljes\Downloads\simulator-windows-64\IMG\right_2026_09_01_10_34_34_595.jpg, 0, 0.3988428, 0, 14.6225
C:\Users\eljes\Downloads\simulator-windows-64\IMG\center_2026_09_01_10_34_34_701.jpg, C:\Users\eljes\Downloads\simulator-windows-64\IMG\left_2026_09_01_10_34_34_701.jpg, C:\Users\eljes\Downloads\simulator-windows-64\IMG\right_2026_09_01_10_34_34_701.jpg, 0, 0.7632281, 0, 15.42664
C:\Users\eljes\Downloads\simulator-windows-64\IMG\center_2026_09_01_10_34_34_805.jpg, C:\Users\eljes\Downloads\simulator-windows-64\IMG\left_2026_09_01_10_34_34_805.jpg, C:\Users\eljes\Downloads\simulator-windows-64\IMG\right_2026_09_01_10_34_34_805.jpg, 0, 1, 0, 16.65274
C:\Users\eljes\Downloads\simulator-windows-64\IMG\center_2026_09_01_10_34_34_909.jpg, C:\Users\eljes\Downloads\simulator-windows-64\IMG\left_2026_09_01_10_34_34_909.jpg, C:\Users\eljes\Downloads\simulator-windows-64\IMG\right_2026_09_01_10_34_34_909.jpg, -0.1657056, 1, 0, 17.47024
C:\Users\eljes\Downloads\simulator-windows-64\IMG\center_2026_09_01_10_34_35_011.jpg, C:\Users\eljes\Downloads\simulator-windows-64\IMG\left_2026_09_01_10_34_35_011.jpg, C:\Users\eljes\Downloads\simulator-windows-64\IMG\right_2026_09_01_10_34_35_011.jpg, -0.1199499, 1, 0, 18.65407
C:\Users\eljes\Downloads\simulator-windows-64\IMG\center_2026_09_01_10_34_35_115.jpg, C:\Users\eljes\Downloads\simulator-windows-64\IMG\left_2026_09_01_10_34_35_115.jpg, C:\Users\eljes\Downloads\simulator-windows-64\IMG\right_2026_09_01_10_34_35_115.jpg, 0, 1, 0, 19.52785
C:\Users\eljes\Downloads\simulator-windows-64\IMG\center_2026_09_01_10_34_35_217.jpg, C:\Users\eljes\Downloads\simulator-windows-64\IMG\left_2026_09_01_10_34_35_217.jpg, C:\Users\eljes\Downloads\simulator-windows-64\IMG\right_2026_09_01_10_34_35_217.jpg, 0, 1, 0, 20.64957
C:\Users\eljes\Downloads\simulator-windows-64\IMG\center_2026_09_01_10_34_35_322.jpg, C:\Users\eljes\Downloads\simulator-windows-64\IMG\left_2026_09_01_10_34_35_322.jpg, C:\Users\eljes\Downloads\simulator-windows-64\IMG\right_2026_09_01_10_34_35_322.jpg, -0.0222447, 1, 0, 21.8308
C:\Users\eljes\Downloads\simulator-windows-64\IMG\center_2026_09_01_10_34_35_424.jpg, C:\Users\eljes\Downloads\simulator-windows-64\IMG\left_2026_09_01_10_34_35_424.jpg, C:\Users\eljes\Downloads\simulator-windows-64\IMG\right_2026_09_01_10_34_35_424.jpg, -0.3280965, 1, 0, 22.73286
C:\Users\eljes\Downloads\simulator-windows-64\IMG\center_2026_09_01_10_34_35_524.jpg, C:\Users\eljes\Downloads\simulator-windows-64\IMG\left_2026_09_01_10_34_35_524.jpg, C:\Users\eljes\Downloads\simulator-windows-64\IMG\right_2026_09_01_10_34_35_524.jpg, -0.1199397, 1, 0, 23.68864
C:\Users\eljes\Downloads\simulator-windows-64\IMG\center_2026_09_01_10_34_35_635.jpg, C:\Users\eljes\Downloads\simulator-windows-64\IMG\left_2026_09_01_10_34_35_635.jpg, C:\Users\eljes\Downloads\simulator-windows-64\IMG\right_2026_09_01_10_34_35_635.jpg, 0, 1, 0, 24.64453
C:\Users\eljes\Downloads\simulator-windows-64\IMG\center_2026_09_01_10_34_35_741.jpg, C:\Users\eljes\Downloads\simulator-windows-64\IMG\left_2026_09_01_10_34_35_741.jpg, C:\Users\eljes\Downloads\simulator-windows-64\IMG\right_2026_09_01_10_34_35_741.jpg, 0, 1, 0, 25.79491
C:\Users\eljes\Downloads\simulator-windows-64\IMG\center_2026_09_01_10_34_35_847.jpg, C:\Users\eljes\Downloads\simulator-windows-64\IMG\left_2026_09_01_10_34_35_847.jpg, C:\Users\eljes\Downloads\simulator-windows-64\IMG\right_2026_09_01_10_34_35_847.jpg, 0, 1, 0, 26.74298
C:\Users\eljes\Downloads\simulator-windows-64\IMG\center_2026_09_01_10_34_35_948.jpg, C:\Users\eljes\Downloads\simulator-windows-64\IMG\left_2026_09_01_10_34_35_948.jpg, C:\Users\eljes\Downloads\simulator-windows-64\IMG\right_2026_09_01_10_34_35_948.jpg, 0, 1, 0, 27.68172
C:\Users\eljes\Downloads\simulator-windows-64\IMG\center_2026_09_01_10_34_36_056.jpg, C:\Users\eljes\Downloads\simulator-windows-64\IMG\left_2026_09_01_10_34_36_056.jpg, C:\Users\eljes\Downloads\simulator-windows-64\IMG\right_2026_09_01_10_34_36_056.jpg, 0, 1, 0, 28.61128
C:\Users\eljes\Downloads\simulator-windows-64\IMG\center_2026_09_01_10_34_36_156.jpg, C:\Users\eljes\Downloads\simulator-windows-64\IMG\left_2026_09_01_10_34_36_156.jpg, C:\Users\eljes\Downloads\simulator-windows-64\IMG\right_2026_09_01_10_34_36_156.jpg, -0.2776356, 1, 0, 29.49257
C:\Users\eljes\Downloads\simulator-windows-64\IMG\center_2026_09_01_10_34_36_262.jpg, C:\Users\eljes\Downloads\simulator-windows-64\IMG\left_2026_09_01_10_34_36_262.jpg, C:\Users\eljes\Downloads\simulator-windows-64\IMG\right_2026_09_01_10_34_36_262.jpg, -0.6420327, 1, 0, 30.12399
C:\Users\eljes\Downloads\simulator-windows-64\IMG\center_2026_09_01_10_34_36_368.jpg, C:\Users\eljes\Downloads\simulator-windows-64\IMG\left_2026_09_01_10_34_36_368.jpg, C:\Users\eljes\Downloads\simulator-windows-64\IMG\right_2026_09_01_10_34_36_368.jpg, -0.4362108, 0.8155003, 0, 30.15447
C:\Users\eljes\Downloads\simulator-windows-64\IMG\center_2026_09_01_10_34_36_473.jpg, C:\Users\eljes\Downloads\simulator-windows-64\IMG\left_2026_09_01_10_34_36_473.jpg, C:\Users\eljes\Downloads\simulator-windows-64\IMG\right_2026_09_01_10_34_36_473.jpg, -0.1279849, 0.5072743, 0, 30.08326
C:\Users\eljes\Downloads\simulator-windows-64\IMG\center_2026_09_01_10_34_36_579.jpg, C:\Users\eljes\Downloads\simulator-windows-64\IMG\left_2026_09_01_10_34_36_579.jpg, C:\Users\eljes\Downloads\simulator-windows-64\IMG\right_2026_09_01_10_34_36_579.jpg, 0, 0.1633258, 0, 29.98893
C:\Users\eljes\Downloads\simulator-windows-64\IMG\center_2026_09_01_10_34_36_679.jpg, C:\Users\eljes\Downloads\simulator-windows-64\IMG\left_2026_09_01_10_34_36_679.jpg, C:\Users\eljes\Downloads\simulator-windows-64\IMG\right_2026_09_01_10_34_36_679.jpg, 0, 0, 0, 29.75065
C:\Users\eljes\Downloads\simulator-windows-64\IMG\center_2026_09_01_10_34_36_779.jpg, C:\Users\eljes\Downloads\simulator-windows-64\IMG\left_2026_09_01_10_34_36_779.jpg, C:\Users\eljes\Downloads\simulator-windows-64\IMG\right_2026_09_01_10_34_36_779.jpg, 0, 0, 0, 29.45294
C:\Users\eljes\Downloads\simulator-windows-64\IMG\center_2026_09_01_10_34_36_882.jpg, C:\Users\eljes\Downloads\simulator-windows-64\IMG\left_2026_09_01_10_34_36_882.jpg, C:\Users\eljes\Downloads\simulator-windows-64\IMG\right_2026_09_01_10_34_36_882.jpg, 0, 0, 0, 29.15915
C:\Users\eljes\Downloads\simulator-windows-64\IMG\center_2026_09_01_10_34_36_986.jpg, C:\Users\eljes\Downloads\simulator-windows-64\IMG\left_2026_09_01_10_34_36_986.jpg, C:\Users\eljes\Downloads\simulator-windows-64\IMG\right_2026_09_01_10_34_36_986.jpg, 0, 0, 0, 28.86681
C:\Users\eljes\Downloads\simulator-windows-64\IMG\center_2026_09_01_10_34_37_087.jpg, C:\Users\eljes\Downloads\simulator-windows-64\IMG\left_2026_09_01_10_34_37_087.jpg, C:\Users\eljes\Downloads\simulator-windows-64\IMG\right_2026_09_01_10_34_37_087.jpg, 0, 0, 0, 28.577
C:\Users\eljes\Downloads\simulator-windows-64\IMG\center_2026_09_01_10_34_37_195.jpg, C:\Users\eljes\Downloads\simulator-windows-64\IMG\left_2026_09_01_10_34_37_195.jpg, C:\Users\eljes\Downloads\simulator-windows-64\IMG\right_2026_09_01_10_34_37_195.jpg, 0, 0, 0, 28.29007
C:\Users\eljes\Downloads\simulator-windows-64\IMG\center_2026_09_01_10_34_37_297.jpg, C:\Users\eljes\Downloads\simulator-windows-64\IMG\left_2026_09_01_10_34_37_297.jpg, C:\Users\eljes\Downloads\simulator-windows-64\IMG\right_2026_09_01_10_34_37_297.jpg, 0, 0, 0, 28.00595
C:\Users\eljes\Downloads\simulator-windows-64\IMG\center_2026_09_01_10_34_37_397.jpg, C:\Users\eljes\Downloads\simulator-windows-64\IMG\left_2026_09_01_10_34_37_397.jpg, C:\Users\eljes\Downloads\simulator-windows-64\IMG\right_2026_09_01_10_34_37_397.jpg, 0, 0, 0, 27.72286
C:\Users\eljes\Downloads\simulator-windows-64\IMG\center_2026_09_01_10_34_37_499.jpg, C:\Users\eljes\Downloads\simulator-windows-64\IMG\left_2026_09_01_10_34_37_499.jpg, C:\Users\eljes\Downloads\simulator-windows-64\IMG\right_2026_09_01_10_34_37_499.jpg, 0, 0, 0, 27.38659
C:\Users\eljes\Downloads\simulator-windows-64\IMG\center_2026_09_01_10_34_37_607.jpg, C:\Users\eljes\Downloads\simulator-windows-64\IMG\left_2026_09_01_10_34_37_607.jpg, C:\Users\eljes\Downloads\simulator-windows-64\IMG\right_2026_09_01_10_34_37_607.jpg, 0, 0, 0, 27.10864
C:\Users\eljes\Downloads\simulator-windows-64\IMG\center_2026_09_01_10_34_37_715.jpg, C:\Users\eljes\Downloads\simulator-windows-64\IMG\left_2026_09_01_10_34_37_715.jpg, C:\Users\eljes\Downloads\simulator-windows-64\IMG\right_2026_09_01_10_34_37_715.jpg, 0, 0, 0, 26.83285
C:\Users\eljes\Downloads\simulator-windows-64\IMG\center_2026_09_01_10_34_37_816.jpg, C:\Users\eljes\Downloads\simulator-windows-64\IMG\left_2026_09_01_10_34_37_816.jpg, C:\Users\eljes\Downloads\simulator-windows-64\IMG\right_2026_09_01_10_34_37_816.jpg, 0, 0, 0, 26.55979
C:\Users\eljes\Downloads\simulator-windows-64\IMG\center_2026_09_01_10_34_37_921.jpg, C:\Users\eljes\Downloads\simulator-windows-64\IMG\left_2026_09_01_10_34_37_921.jpg, C:\Users\eljes\Downloads\simulator-windows-64\IMG\right_2026_09_01_10_34_37_921.jpg, 0, 0, 0, 26.2357
C:\Users\eljes\Downloads\simulator-windows-64\IMG\center_2026_09_01_10_34_38_027.jpg, C:\Users\eljes\Downloads\simulator-windows-64\IMG\left_2026_09_01_10_34_38_027.jpg, C:\Users\eljes\Downloads\simulator-windows-64\IMG\right_2026_09_01_10_34_38_027.jpg, 0, 0, 0, 25.96719
C:\Users\eljes\Downloads\simulator-windows-64\IMG\center_2026_09_01_10_34_38_126.jpg, C:\Users\eljes\Downloads\simulator-windows-64\IMG\left_2026_09_01_10_34_38_126.jpg, C:\Users\eljes\Downloads\simulator-windows-64\IMG\right_2026_09_01_10_34_38_126.jpg, 0, 0, 0, 25.69958
C:\Users\eljes\Downloads\simulator-windows-64\IMG\center_2026_09_01_10_34_38_230.jpg, C:\Users\eljes\Downloads\simulator-windows-64\IMG\left_2026_09_01_10_34_38_230.jpg, C:\Users\eljes\Downloads\simulator-windows-64\IMG\right_2026_09_01_10_34_38_230.jpg, 0, 0, 0, 25.43427
C:\Users\eljes\Downloads\simulator-windows-64\IMG\center_2026_09_01_10_34_38_337.jpg, C:\Users\eljes\Downloads\simulator-windows-64\IMG\left_2026_09_01_10_34_38_337.jpg, C:\Users\eljes\Downloads\simulator-windows-64\IMG\right_2026_09_01_10_34_38_337.jpg, 0, 0, 0, 25.17058
C:\Users\eljes\Downloads\simulator-windows-64\IMG\center_2026_09_01_10_34_38_440.jpg, C:\Users\eljes\Downloads\simulator-windows-64\IMG\left_2026_09_01_10_34_38_440.jpg, C:\Users\eljes\Downloads\simulator-windows-64\IMG\right_2026_09_01_10_34_38_440.jpg, 0, 0, 0, 24.85696
